"","568_4","568_5","581_5","611_5","E05_5","E1_4","E1_5","E2_4","E2_5","E3_4","E3_5"
"ASV_233",0,5,32,11,6,0,0,0,0,0,11
"ASV_619",0,0,0,0,3,0,4,0,1,0,3
"ASV_1418",0,2,0,0,0,0,0,0,0,0,0
"ASV_1415",0,2,0,0,0,0,0,0,0,0,0
"ASV_1751",0,0,0,0,0,0,0,0,0,0,1
"ASV_26",0,0,0,0,0,0,35,26,184,0,0
"ASV_239",0,0,0,0,0,0,0,9,24,0,0
"ASV_185",0,0,0,0,0,0,42,3,8,0,0
"ASV_1413",0,2,0,0,0,0,0,0,0,0,0
"ASV_62",0,31,7,96,22,0,9,0,11,5,8
"ASV_366",0,0,0,0,0,0,27,0,0,0,0
"ASV_617",0,0,0,0,8,0,0,0,0,0,0
"ASV_1043",0,7,0,0,0,0,0,0,0,0,0
"ASV_691",0,0,0,0,0,0,11,0,0,0,0
"ASV_626",0,0,0,0,8,0,0,0,0,0,0
"ASV_1075",0,0,7,0,0,0,0,0,0,0,0
"ASV_1095",0,0,7,0,0,0,0,0,0,0,0
"ASV_1275",0,0,0,0,0,0,0,0,0,0,3
"ASV_809",0,0,0,0,0,0,0,0,0,3,9
"ASV_731",0,0,0,11,2,0,1,0,0,0,0
"ASV_1524",0,0,0,0,1,0,0,0,0,0,0
"ASV_1082",0,0,0,0,2,0,0,0,0,0,2
"ASV_1213",0,0,0,0,0,0,0,0,2,0,0
"ASV_985",0,0,0,0,3,0,0,0,0,0,0
"ASV_1585",0,0,0,0,1,0,0,0,0,0,0
"ASV_1362",0,3,0,0,0,0,0,0,0,0,0
"ASV_116",0,25,0,19,10,0,34,0,6,0,0
"ASV_1215",0,0,0,0,0,0,0,0,0,0,4
"ASV_1434",0,0,1,0,0,0,0,1,0,0,0
"ASV_1343",0,0,0,0,0,0,0,1,0,0,0
"ASV_513",0,0,0,0,0,0,1,11,1,0,0
"ASV_158",0,0,0,0,2,0,4,36,4,0,0
"ASV_1127",0,0,6,0,0,0,0,0,0,0,0
"ASV_153",0,0,0,0,0,0,0,48,0,0,0
"ASV_554",0,0,0,0,0,0,0,11,0,0,0
"ASV_1609",0,0,0,0,0,0,0,0,1,0,0
"ASV_24",0,39,5,5,71,0,90,3,23,14,31
"ASV_291",1,9,0,0,0,2,3,9,7,0,3
"ASV_622",0,11,0,0,2,0,0,0,0,0,3
"ASV_500",0,0,0,0,1,0,0,2,9,0,2
"ASV_1155",0,0,0,0,0,0,0,0,0,0,4
"ASV_1544",0,0,0,0,0,0,0,0,0,5,0
"ASV_984",0,0,0,0,3,0,0,0,0,0,0
"ASV_1207",0,0,0,0,0,0,3,0,0,0,0
"ASV_144",0,22,0,25,0,0,0,4,18,0,16
"ASV_299",0,0,5,0,8,0,7,0,10,0,0
"ASV_942",0,0,0,0,3,0,0,0,0,0,0
"ASV_630",0,8,3,0,2,0,3,0,0,0,0
"ASV_1273",0,0,0,0,0,0,0,0,0,0,3
"ASV_2",168,44,29,12,3,3224,27,467,14,62,9
"ASV_207",0,0,0,0,0,32,0,0,0,0,0
"ASV_294",0,2,12,0,0,0,0,4,10,5,8
"ASV_215",0,7,7,11,6,0,4,4,8,0,5
"ASV_526",0,0,0,0,0,0,3,4,5,0,0
"ASV_361",0,0,3,3,1,0,2,9,5,0,0
"ASV_1345",0,0,0,0,0,0,0,1,0,0,0
"ASV_1325",0,0,0,2,0,0,0,0,0,0,1
"ASV_238",0,5,0,7,2,0,8,7,9,0,5
"ASV_230",0,41,0,0,5,0,0,0,0,0,14
"ASV_717",0,0,0,0,0,0,7,2,0,0,0
"ASV_1021",0,0,0,0,0,0,0,0,0,0,6
"ASV_218",0,0,17,0,8,0,7,4,4,0,8
"ASV_1473",0,0,0,0,0,0,0,0,0,6,0
"ASV_1137",0,0,0,0,2,0,0,0,0,0,0
"ASV_785",0,0,0,0,0,0,0,0,0,0,10
"ASV_677",0,0,0,0,0,0,0,3,5,0,0
"ASV_1252",0,0,0,5,0,0,0,0,0,0,0
"ASV_1484",1,0,0,0,0,0,0,0,0,0,0
"ASV_915",3,5,0,0,0,0,0,0,0,0,0
"ASV_1184",0,0,0,0,0,0,0,0,3,0,0
"ASV_1461",0,0,0,0,0,0,2,0,0,0,0
"ASV_426",0,5,28,0,0,0,0,0,0,0,3
"ASV_1308",0,0,0,0,0,0,0,0,2,0,0
"ASV_1050",0,0,0,7,1,0,0,0,0,0,0
"ASV_1468",0,0,0,0,0,0,0,0,1,0,0
"ASV_775",0,2,2,0,1,0,0,0,0,0,4
"ASV_1048",0,1,6,0,0,0,0,0,0,0,0
"ASV_1437",0,0,0,3,0,0,0,0,0,0,0
"ASV_641",0,2,3,0,0,0,0,3,2,0,3
"ASV_1610",0,0,0,0,0,0,0,0,0,4,0
"ASV_593",0,2,0,12,0,0,2,3,0,0,0
"ASV_1283",0,0,4,0,0,0,0,0,0,0,0
"ASV_1401",0,0,0,0,0,0,0,0,0,0,2
"ASV_963",0,0,0,8,1,0,0,0,0,0,0
"ASV_564",0,0,17,0,0,0,0,0,0,4,4
"ASV_1462",0,0,0,0,0,0,0,1,0,0,0
"ASV_665",0,2,0,0,0,0,0,0,1,0,0
"ASV_689",0,0,19,0,0,0,0,0,0,0,0
"ASV_725",0,15,0,0,0,0,0,0,0,0,0
"ASV_1265",0,0,0,0,0,0,3,0,0,0,0
"ASV_1122",0,2,0,0,0,0,2,0,0,0,1
"ASV_1243",1,1,0,0,0,0,0,0,0,4,0
"ASV_1107",0,0,0,0,0,2,0,0,0,0,0
"ASV_1749",0,0,0,0,0,0,0,0,0,0,1
"ASV_1227",0,0,0,5,0,0,0,0,0,0,0
"ASV_1042",0,7,0,0,0,0,0,0,0,0,0
"ASV_680",0,11,8,0,0,0,0,0,0,0,0
"ASV_747",0,0,0,0,1,0,0,0,0,0,10
"ASV_1315",0,1,0,0,0,0,0,0,1,0,0
"ASV_1702",0,0,1,0,0,0,0,0,0,0,0
"ASV_1316",0,0,4,0,0,0,0,0,0,0,0
"ASV_1505",0,0,2,0,0,0,0,0,0,0,0
"ASV_1594",0,0,0,0,0,0,1,0,0,0,0
"ASV_1323",0,0,0,4,0,0,0,0,0,0,0
"ASV_651",0,19,0,0,0,0,0,0,0,0,0
"ASV_814",0,0,13,0,0,0,0,0,0,0,0
"ASV_730",0,0,10,0,0,0,0,0,0,0,5
"ASV_1542",0,0,0,0,0,0,0,0,1,0,0
"ASV_1695",0,1,0,0,0,0,0,0,0,0,0
"ASV_1510",0,0,0,3,0,0,0,0,0,0,0
"ASV_667",0,0,20,0,0,0,0,0,0,0,0
"ASV_461",0,7,17,0,0,0,0,0,0,0,0
"ASV_1112",0,0,0,0,0,0,0,0,3,0,0
"ASV_1240",0,0,0,0,0,0,0,0,0,2,3
"ASV_1046",0,2,2,4,0,0,0,0,0,0,0
"ASV_1073",0,3,0,0,0,0,0,0,1,0,0
"ASV_1164",0,3,0,0,0,0,1,0,0,0,0
"ASV_1607",0,0,0,0,0,0,0,0,1,0,0
"ASV_1430",0,0,3,0,0,0,0,0,0,0,0
"ASV_1560",0,2,0,0,0,0,0,0,0,0,0
"ASV_1621",0,0,0,0,0,0,0,0,0,0,1
"ASV_1296",0,0,0,0,0,0,0,0,0,0,2
"ASV_1608",0,0,0,0,0,0,0,0,1,0,0
"ASV_1566",0,0,2,0,0,0,0,0,0,0,0
"ASV_1219",0,5,0,0,0,0,0,0,0,0,0
"ASV_1451",0,0,0,0,1,0,0,0,0,0,0
"ASV_1638",0,0,1,0,0,0,0,0,0,0,0
"ASV_1697",0,1,0,0,0,0,0,0,0,0,0
"ASV_1441",0,0,0,3,0,0,0,0,0,0,0
"ASV_1427",0,0,3,0,0,0,0,0,0,0,0
"ASV_1696",0,1,0,0,0,0,0,0,0,0,0
"ASV_1220",0,2,1,0,0,0,0,0,0,0,0
"ASV_1616",0,0,0,0,0,0,0,0,0,0,1
"ASV_1572",0,0,0,2,0,0,0,0,0,0,0
"ASV_670",0,0,0,23,0,0,0,0,0,0,0
"ASV_1433",0,0,3,0,0,0,0,0,0,0,0
"ASV_889",0,0,0,0,0,0,0,0,0,0,3
"ASV_1569",0,0,0,2,0,0,0,0,0,0,0
"ASV_573",0,0,25,0,0,0,0,0,0,0,0
"ASV_1678",0,0,0,0,0,0,0,0,1,0,0
"ASV_894",0,9,0,0,0,0,1,0,0,0,0
"ASV_1190",0,5,0,0,0,0,0,0,0,0,0
"ASV_1684",0,0,0,0,0,0,0,0,0,0,1
"ASV_613",0,3,7,3,1,0,1,0,2,0,0
"ASV_533",0,0,10,0,0,0,4,0,4,0,0
"ASV_562",0,23,0,0,0,0,0,0,0,0,0
"ASV_1024",0,7,0,0,0,0,0,0,0,0,0
"ASV_423",0,9,0,0,0,0,0,0,9,0,5
"ASV_166",0,26,0,18,3,0,11,0,10,0,0
"ASV_580",0,5,6,0,0,0,0,0,0,3,8
"ASV_882",0,0,0,0,0,0,0,0,0,0,8
"ASV_1289",0,0,0,5,0,0,0,0,0,0,0
"ASV_663",0,11,8,0,0,0,0,0,0,0,0
"ASV_1458",0,0,0,0,0,0,2,0,0,0,0
"ASV_246",0,13,0,13,18,0,0,0,0,0,0
"ASV_868",0,4,0,0,0,0,0,0,0,0,2
"ASV_921",0,0,10,0,0,0,0,0,0,0,0
"ASV_960",0,0,9,0,0,0,0,0,0,0,0
"ASV_1508",0,0,0,3,0,0,0,0,0,0,0
"ASV_1191",0,2,0,0,0,0,0,0,0,0,2
"ASV_807",0,0,0,0,0,0,5,0,2,0,0
"ASV_1245",0,2,2,0,0,0,0,0,0,0,0
"ASV_1706",0,0,0,1,0,0,0,0,0,0,0
"ASV_722",0,0,0,0,5,0,0,0,0,0,1
"ASV_1196",0,0,3,0,0,0,0,0,0,0,2
"ASV_1258",0,0,0,0,2,0,0,0,0,0,0
"ASV_1017",0,0,0,0,0,0,0,0,4,0,0
"ASV_1744",0,0,0,0,0,0,0,0,0,2,0
"ASV_474",0,0,0,29,0,0,0,0,0,0,6
"ASV_836",0,0,5,0,0,0,0,0,0,0,0
"ASV_1212",0,0,0,0,0,0,0,0,2,0,0
"ASV_1540",0,0,0,0,0,0,0,0,1,0,0
"ASV_1457",0,0,0,0,0,0,2,0,0,0,0
"ASV_245",0,0,0,0,0,0,0,1,32,0,0
"ASV_340",0,43,0,0,0,0,0,0,0,0,0
"ASV_209",0,7,8,26,9,0,13,0,0,0,0
"ASV_883",0,0,0,0,0,0,0,0,0,0,8
"ASV_1072",0,4,0,0,0,0,0,0,0,0,2
"ASV_742",0,0,9,4,1,0,0,0,0,0,0
"ASV_163",0,3,0,0,0,0,3,5,39,0,0
"ASV_354",0,4,3,10,7,0,0,0,0,0,8
"ASV_1040",0,0,0,0,0,0,0,0,0,0,6
"ASV_1292",0,0,0,5,0,0,0,0,0,0,0
"ASV_1088",0,0,0,0,0,0,0,0,3,0,0
"ASV_1051",0,0,0,2,0,0,1,0,0,0,3
"ASV_800",0,0,0,0,0,0,0,0,0,0,10
"ASV_1226",0,0,0,6,0,0,0,0,0,0,0
"ASV_1279",0,4,0,0,0,0,0,0,0,0,0
"ASV_491",0,0,0,0,0,0,8,0,8,0,0
"ASV_28",0,34,0,12,0,0,0,9,155,15,59
"ASV_336",0,0,7,0,5,0,0,0,0,0,0
"ASV_344",0,0,21,0,1,0,0,1,6,0,3
"ASV_216",0,1,0,0,0,0,38,0,4,0,2
"ASV_1285",0,0,4,0,0,0,0,0,0,0,0
"ASV_1251",0,0,0,5,0,0,0,0,0,0,0
"ASV_870",0,0,12,0,0,0,0,0,0,0,0
"ASV_745",0,0,0,4,0,0,0,0,0,0,4
"ASV_1203",0,0,0,0,2,0,0,0,0,0,0
"ASV_1547",0,0,0,0,0,0,0,0,0,0,2
"ASV_362",0,0,0,0,16,0,0,0,0,0,0
"ASV_1186",0,0,0,0,0,0,0,0,0,0,4
"ASV_1194",0,0,5,0,0,0,0,0,0,0,0
"ASV_713",0,0,0,0,1,0,0,0,4,2,0
"ASV_1310",0,0,0,0,0,0,0,0,1,0,1
"ASV_1707",0,0,0,1,0,0,0,0,0,0,0
"ASV_186",0,7,15,24,0,0,8,0,3,9,21
"ASV_941",0,0,0,0,3,0,0,0,0,0,0
"ASV_235",0,4,0,0,0,0,0,3,29,0,0
"ASV_998",0,0,0,0,0,0,0,0,0,0,6
"ASV_140",0,34,11,17,8,0,0,0,9,0,7
"ASV_219",0,0,0,0,6,0,13,1,8,0,12
"ASV_380",0,33,0,10,0,0,0,0,0,0,0
"ASV_900",0,0,0,7,0,0,0,0,0,0,3
"ASV_358",0,0,0,12,0,0,0,0,16,0,0
"ASV_804",0,0,6,0,0,0,0,0,0,0,5
"ASV_400",0,0,0,0,0,0,0,7,11,0,0
"ASV_182",0,16,14,23,7,0,0,0,5,0,13
"ASV_685",0,0,0,0,0,0,0,0,8,0,0
"ASV_737",0,0,0,0,0,0,0,2,5,0,0
"ASV_367",0,8,0,0,4,0,10,0,0,0,0
"ASV_643",0,0,4,9,0,0,0,0,4,0,0
"ASV_553",0,0,0,0,0,0,4,0,8,0,0
"ASV_327",0,0,0,0,0,0,0,4,19,0,0
"ASV_495",0,13,0,0,0,0,0,0,0,0,12
"ASV_1033",0,0,0,0,3,0,0,0,0,0,0
"ASV_1306",0,0,0,0,0,0,0,2,0,0,0
"ASV_1352",0,0,0,0,0,0,0,0,2,0,0
"ASV_675",0,0,0,0,1,0,0,5,2,0,0
"ASV_117",0,13,11,14,8,0,13,3,10,0,19
"ASV_1311",0,0,0,0,0,0,0,0,0,9,0
"ASV_1180",0,0,0,0,0,0,0,2,0,0,0
"ASV_334",0,0,0,0,0,0,0,14,5,0,4
"ASV_1181",0,0,0,0,0,0,0,2,0,0,0
"ASV_1426",0,0,3,0,0,0,0,0,0,0,0
"ASV_1234",0,0,0,0,0,0,3,0,0,0,0
"ASV_1410",2,0,0,0,0,0,0,0,0,0,0
"ASV_125",0,10,11,19,7,0,18,1,11,0,8
"ASV_928",0,0,0,0,0,0,0,4,0,0,0
"ASV_1481",0,0,0,0,0,0,0,0,0,0,2
"ASV_1637",0,0,1,0,0,0,0,0,0,0,0
"ASV_82",0,0,0,0,0,58,2,11,0,0,0
"ASV_821",0,0,0,0,0,1,1,3,1,0,0
"ASV_11",43,10,6,0,0,594,4,166,5,34,5
"ASV_477",21,0,0,0,0,0,0,0,0,0,0
"ASV_536",0,0,0,1,0,6,2,0,2,4,0
"ASV_1705",0,0,0,1,0,0,0,0,0,0,0
"ASV_632",0,2,0,0,7,0,0,0,0,0,0
"ASV_1204",0,0,0,0,2,0,0,0,0,0,0
"ASV_57",0,21,19,10,25,0,27,12,11,10,17
"ASV_1210",0,0,0,0,0,0,0,2,0,0,0
"ASV_1562",0,0,2,0,0,0,0,0,0,0,0
"ASV_840",0,0,0,0,3,0,0,0,0,0,3
"ASV_740",0,2,0,2,2,0,2,0,0,0,3
"ASV_393",0,8,4,0,4,0,3,3,3,0,0
"ASV_1680",0,0,0,0,0,0,0,0,0,3,0
"ASV_1142",0,0,0,0,0,0,4,0,0,0,0
"ASV_517",0,0,0,0,0,0,17,0,0,0,0
"ASV_223",0,4,0,7,13,0,6,0,3,0,11
"ASV_905",0,0,0,0,2,0,3,0,0,0,0
"ASV_253",0,13,7,11,8,0,8,0,0,0,0
"ASV_1183",0,0,0,0,0,0,0,0,3,0,0
"ASV_782",0,0,0,0,3,0,3,0,0,0,2
"ASV_1515",0,0,0,3,0,0,0,0,0,0,0
"ASV_73",0,52,23,14,20,0,6,5,0,15,15
"ASV_762",0,0,0,0,5,0,0,0,0,0,0
"ASV_319",0,0,0,0,19,0,0,0,0,0,0
"ASV_993",0,0,0,0,0,0,0,0,4,0,0
"ASV_927",0,0,0,0,0,0,3,2,0,0,0
"ASV_751",0,0,7,0,0,0,5,0,0,0,0
"ASV_270",0,10,0,0,2,0,13,5,5,0,3
"ASV_321",0,0,0,9,9,0,4,0,0,0,6
"ASV_1394",0,0,0,0,0,0,2,0,0,0,0
"ASV_1263",0,0,0,0,0,0,3,0,0,0,0
"ASV_1662",0,0,0,0,0,0,1,0,0,0,0
"ASV_469",0,3,11,9,2,0,0,0,3,0,0
"ASV_408",0,0,0,0,3,0,5,0,5,0,9
"ASV_1552",0,2,0,0,0,0,0,0,0,0,0
"ASV_1666",0,0,0,0,0,0,1,0,0,0,0
"ASV_1556",0,2,0,0,0,0,0,0,0,0,0
"ASV_1253",0,0,0,5,0,0,0,0,0,0,0
"ASV_231",0,0,0,0,0,16,0,7,0,39,0
"ASV_1673",0,0,0,0,0,0,0,1,0,0,0
"ASV_1172",0,0,0,3,0,0,2,0,0,0,0
"ASV_1206",0,0,0,0,0,0,3,0,0,0,0
"ASV_1378",0,0,0,4,0,0,0,0,0,0,0
"ASV_1030",0,0,3,0,0,0,0,0,0,0,4
"ASV_1165",0,3,0,0,0,0,0,0,0,0,0
"ASV_1541",0,0,0,0,0,0,0,0,1,0,0
"ASV_743",0,0,3,0,0,0,0,2,1,0,3
"ASV_1177",0,0,0,0,0,0,3,0,0,0,0
"ASV_844",0,0,0,0,1,0,0,1,1,0,3
"ASV_1495",0,0,2,0,0,0,0,0,0,0,0
"ASV_1314",0,2,0,2,0,0,0,0,0,0,0
"ASV_1532",0,0,0,0,0,0,1,0,0,0,0
"ASV_727",0,9,2,0,0,0,0,0,2,0,0
"ASV_754",0,0,0,0,3,0,0,0,0,0,5
"ASV_149",0,5,10,10,5,0,13,4,12,0,13
"ASV_748",0,4,0,2,2,0,0,0,0,0,3
"ASV_1620",0,0,0,0,0,0,0,0,0,0,1
"ASV_559",0,0,0,0,3,0,0,0,2,0,8
"ASV_679",0,18,0,0,0,0,0,0,0,0,0
"ASV_614",0,0,7,0,0,0,0,0,0,0,11
"ASV_1104",0,0,0,0,2,0,0,0,0,0,0
"ASV_815",0,0,5,0,0,0,1,0,3,0,0
"ASV_1334",0,0,0,0,1,0,0,0,0,0,0
"ASV_846",0,0,0,0,0,0,0,3,3,0,0
"ASV_907",0,0,0,0,0,0,6,0,0,0,0
"ASV_1448",0,0,0,0,1,0,0,0,0,0,0
"ASV_355",0,3,0,0,2,0,6,3,5,5,5
"ASV_35",0,0,0,0,0,36,0,102,2,92,3
"ASV_1281",0,2,0,0,0,0,0,0,0,0,0
"ASV_1201",0,0,0,0,2,0,0,0,0,0,0
"ASV_520",0,3,0,0,1,0,2,0,2,0,7
"ASV_635",0,0,3,0,3,0,2,1,2,0,0
"ASV_1019",0,0,0,0,0,0,0,0,0,0,6
"ASV_447",0,0,0,0,0,0,8,9,0,0,0
"ASV_682",0,0,0,0,4,0,0,0,0,0,5
"ASV_1305",0,0,0,0,0,0,0,2,0,0,0
"ASV_676",0,0,0,0,0,0,6,0,4,0,0
"ASV_1216",0,0,0,0,0,0,0,0,0,0,4
"ASV_806",0,0,0,0,2,0,4,0,0,0,0
"ASV_1351",0,0,0,0,0,0,0,0,2,0,0
"ASV_1256",0,0,0,0,2,0,0,0,0,0,0
"ASV_389",0,0,6,0,2,0,2,5,1,13,5
"ASV_1332",0,0,0,0,1,0,0,0,0,0,0
"ASV_764",0,0,0,0,2,0,4,2,0,0,0
"ASV_1045",0,4,0,0,0,0,0,0,0,7,0
"ASV_331",0,0,0,0,0,0,8,10,7,0,0
"ASV_1069",0,0,0,0,0,0,0,0,0,0,5
"ASV_841",0,0,0,0,2,0,0,1,2,0,0
"ASV_949",0,0,0,0,0,0,0,4,0,0,0
"ASV_1675",0,0,0,0,0,0,0,0,1,0,0
"ASV_890",0,0,0,0,4,0,0,0,0,0,0
"ASV_996",0,0,0,0,0,0,0,0,4,0,0
"ASV_515",0,0,0,0,4,0,4,1,1,0,5
"ASV_1010",0,0,0,0,3,0,0,0,0,0,0
"ASV_458",0,0,12,0,0,0,0,7,3,0,0
"ASV_1477",0,0,0,0,0,0,0,0,0,0,2
"ASV_784",0,0,0,0,0,0,0,4,2,0,0
"ASV_716",0,0,0,0,2,0,0,4,1,0,0
"ASV_1262",0,0,0,0,0,0,3,0,0,0,0
"ASV_301",0,7,9,9,3,0,3,7,0,0,0
"ASV_1302",0,0,0,0,0,0,2,0,0,0,0
"ASV_854",0,0,3,0,3,0,0,0,0,0,0
"ASV_568",0,0,0,3,2,0,3,4,1,0,0
"ASV_1146",0,0,0,0,0,0,0,1,1,0,0
"ASV_624",0,6,0,0,0,0,0,0,0,4,6
"ASV_700",0,0,0,0,1,0,6,0,3,0,0
"ASV_822",0,0,0,0,0,0,8,0,0,0,0
"ASV_93",0,11,0,0,3,0,73,0,11,0,0
"ASV_833",0,0,0,0,0,0,0,0,0,5,8
"ASV_1550",0,0,0,0,0,0,0,0,0,0,2
"ASV_1606",0,0,0,0,0,0,0,0,1,0,0
"ASV_436",0,6,0,6,9,0,0,0,0,0,0
"ASV_1264",0,0,0,0,0,0,3,0,0,0,0
"ASV_1395",0,0,0,0,0,0,2,0,0,0,0
"ASV_1078",0,0,0,8,0,0,0,0,0,0,0
"ASV_1242",0,0,0,0,0,0,0,0,0,0,3
"ASV_1456",0,0,0,0,0,0,2,0,0,0,0
"ASV_1364",0,3,0,0,0,0,0,0,0,0,0
"ASV_1141",0,0,0,0,0,0,4,0,0,0,0
"ASV_360",0,6,0,0,0,0,17,0,5,0,0
"ASV_801",0,0,0,0,0,0,0,0,0,0,10
"ASV_817",0,0,0,15,0,0,0,0,0,0,0
"ASV_1420",0,2,0,0,0,0,0,0,0,0,0
"ASV_586",0,12,0,8,0,0,0,0,2,0,0
"ASV_600",0,0,0,0,0,0,14,0,0,0,0
"ASV_1085",0,0,0,0,0,0,4,0,0,0,0
"ASV_468",0,4,0,0,7,0,0,0,4,0,0
"ASV_425",0,34,1,0,0,0,0,0,0,0,0
"ASV_404",0,20,0,22,0,0,0,0,0,0,0
"ASV_282",0,3,0,14,3,0,0,0,0,3,16
"ASV_657",0,0,0,17,0,0,0,0,0,0,3
"ASV_1338",0,0,0,0,0,0,2,0,0,0,0
"ASV_1276",0,0,0,0,0,0,0,0,0,0,3
"ASV_1611",0,0,0,0,0,0,0,0,0,4,0
"ASV_583",0,0,0,0,0,0,9,0,0,0,6
"ASV_402",0,0,0,39,1,0,0,0,0,0,3
"ASV_735",0,0,0,0,0,0,10,0,0,0,0
"ASV_1466",0,0,0,0,0,0,0,1,0,0,0
"ASV_1661",0,0,0,0,0,0,1,0,0,0,0
"ASV_1619",0,0,0,0,0,0,0,0,0,0,1
"ASV_1555",0,2,0,0,0,0,0,0,0,0,0
"ASV_701",0,0,0,0,0,0,0,4,4,0,0
"ASV_1538",0,0,0,0,0,0,0,1,0,0,0
"ASV_1152",0,0,0,0,0,0,0,0,0,0,4
"ASV_1417",0,2,0,0,0,0,0,0,0,0,0
"ASV_684",0,0,0,0,0,0,11,0,0,0,0
"ASV_1303",0,0,0,0,0,0,1,1,0,0,0
"ASV_1250",0,0,1,0,0,0,1,0,0,0,1
"ASV_704",0,14,0,0,0,0,0,0,0,2,1
"ASV_826",0,2,3,2,0,0,2,0,0,0,2
"ASV_864",0,0,0,0,0,0,0,1,4,0,0
"ASV_610",0,14,8,0,0,0,0,0,0,0,0
"ASV_666",0,2,0,0,0,0,0,1,6,0,0
"ASV_1022",0,0,0,0,0,0,0,0,0,0,6
"ASV_1439",0,0,0,3,0,0,0,0,0,0,0
"ASV_828",0,0,3,0,1,0,4,0,0,0,0
"ASV_1564",0,0,2,0,0,0,0,0,0,0,0
"ASV_1701",0,0,1,0,0,0,0,0,0,0,0
"ASV_1031",0,0,0,6,1,0,0,0,0,0,0
"ASV_462",0,0,6,0,0,0,0,8,4,0,0
"ASV_977",0,1,0,3,0,0,3,0,0,0,0
"ASV_1424",0,0,3,0,0,0,0,0,0,0,0
"ASV_1126",0,0,6,0,0,0,0,0,0,0,0
"ASV_773",0,2,0,0,0,0,2,0,0,4,5
"ASV_1005",0,0,4,0,0,0,0,2,0,0,0
"ASV_749",0,2,6,0,0,0,0,0,3,0,0
"ASV_906",0,0,0,0,2,0,0,0,0,0,3
"ASV_968",0,0,0,0,0,0,0,1,3,0,0
"ASV_64",154,3,0,0,0,0,0,0,0,0,0
"ASV_1145",0,0,0,0,0,0,1,0,2,0,0
"ASV_1123",0,2,0,0,2,0,0,0,0,0,0
"ASV_1129",0,0,0,7,0,0,0,0,0,0,0
"ASV_1405",0,0,0,0,0,0,0,0,0,0,2
"ASV_1160",0,5,0,0,0,0,0,0,0,0,0
"ASV_690",0,0,0,4,0,0,4,2,2,0,0
"ASV_1318",0,0,4,0,0,0,0,0,0,0,0
"ASV_1595",0,0,0,0,0,0,1,0,0,0,0
"ASV_1527",0,0,0,0,1,0,0,0,0,0,0
"ASV_1358",0,0,0,0,0,0,0,0,0,0,3
"ASV_1365",0,3,0,0,0,0,0,0,0,0,0
"ASV_816",0,0,4,0,2,0,0,1,0,0,0
"ASV_1235",0,0,0,0,0,0,3,0,0,0,0
"ASV_484",0,0,0,0,0,0,3,3,6,0,4
"ASV_820",0,0,0,0,2,0,0,1,2,0,0
"ASV_1500",0,0,2,0,0,0,0,0,0,0,0
"ASV_1230",0,0,0,0,2,0,0,0,0,0,0
"ASV_1356",0,0,0,0,0,0,0,0,0,0,3
"ASV_1535",0,0,0,0,0,0,1,0,0,0,0
"ASV_1309",0,0,0,0,0,0,0,0,2,0,0
"ASV_1582",0,0,0,0,1,0,0,0,0,0,0
"ASV_398",0,0,0,0,6,0,0,2,8,3,2
"ASV_84",0,5,8,6,11,0,28,9,21,0,12
"ASV_1055",0,0,0,0,3,0,0,0,0,0,0
"ASV_1482",0,0,0,0,0,0,0,0,0,0,2
"ASV_599",0,0,0,0,2,0,3,0,4,0,3
"ASV_119",0,12,12,5,23,0,15,0,4,0,6
"ASV_1254",0,0,0,0,2,0,0,0,0,0,0
"ASV_1020",0,0,0,0,0,0,0,0,0,0,6
"ASV_343",0,0,5,0,0,0,6,3,11,0,0
"ASV_1603",0,0,0,0,0,0,0,0,1,0,0
"ASV_1583",0,0,0,0,1,0,0,0,0,0,0
"ASV_1403",0,0,0,0,0,0,0,0,0,0,2
"ASV_302",0,2,1,4,5,0,2,4,7,0,5
"ASV_1406",0,0,0,0,0,0,0,0,0,0,2
"ASV_838",0,0,4,0,0,0,5,0,0,0,0
"ASV_723",0,0,0,0,3,0,0,0,4,0,0
"ASV_965",0,0,0,0,0,0,0,0,0,0,5
"ASV_1723",0,0,0,0,0,0,1,0,0,0,0
"ASV_948",0,0,0,0,0,0,4,0,1,0,0
"ASV_994",0,0,0,0,0,0,0,0,4,0,0
"ASV_261",0,9,0,0,13,0,14,0,0,0,0
"ASV_395",0,0,6,0,0,0,0,7,8,0,0
"ASV_512",0,0,0,0,10,0,0,0,0,0,0
"ASV_627",0,0,0,0,2,0,4,0,4,0,0
"ASV_1157",0,0,0,0,0,0,0,0,0,0,4
"ASV_765",0,0,0,0,0,0,0,3,3,0,0
"ASV_1202",0,0,0,0,2,0,0,0,0,0,0
"ASV_944",0,0,0,0,2,0,0,0,0,0,3
"ASV_413",0,0,4,11,0,0,0,0,3,0,9
"ASV_1396",0,0,0,0,0,0,2,0,0,0,0
"ASV_1449",0,0,0,0,1,0,0,0,0,0,0
"ASV_1422",0,0,3,0,0,0,0,0,0,0,0
"ASV_549",0,2,5,0,0,0,2,0,4,4,3
"ASV_1015",0,0,0,0,0,0,2,1,1,0,0
"ASV_835",0,3,0,8,0,0,0,0,0,0,0
"ASV_1721",0,0,0,0,0,0,1,0,0,0,0
"ASV_950",0,0,0,0,0,0,0,4,0,0,0
"ASV_1018",0,0,0,0,0,0,0,0,0,3,5
"ASV_1121",0,3,0,0,0,0,0,0,0,0,2
"ASV_1176",0,0,0,0,0,0,3,0,0,0,0
"ASV_1209",0,0,0,0,0,0,3,0,0,0,0
"ASV_1397",0,0,0,0,0,0,0,1,0,3,0
"ASV_1223",0,0,5,0,0,0,0,0,0,0,0
"ASV_1549",0,0,0,0,0,0,0,0,0,0,2
"ASV_1246",0,1,0,1,0,0,1,0,0,0,0
"ASV_623",0,10,0,6,0,0,0,0,0,3,3
"ASV_937",0,0,0,7,1,0,0,0,0,0,1
"ASV_1726",0,0,0,0,0,0,1,0,0,0,0
"ASV_1752",0,0,0,0,0,0,0,0,0,0,1
"ASV_443",0,0,12,0,0,0,0,5,5,0,0
"ASV_1026",0,3,0,0,0,0,0,0,0,0,3
"ASV_1698",0,1,0,0,0,0,0,0,0,0,0
"ASV_1703",0,0,1,0,0,0,0,0,0,0,0
"ASV_1511",0,0,0,3,0,0,0,0,0,0,0
"ASV_392",0,20,0,13,0,0,0,1,0,0,5
"ASV_1571",0,0,0,2,0,0,0,0,0,0,0
"ASV_1663",0,0,0,0,0,0,1,0,0,0,0
"ASV_729",0,0,17,0,0,0,0,0,0,0,0
"ASV_1197",0,0,0,6,0,0,0,0,0,0,0
"ASV_1070",5,0,0,0,0,0,0,0,0,0,0
"ASV_1632",0,1,0,0,0,0,0,0,0,0,0
"ASV_654",10,3,1,0,0,0,0,0,0,0,0
"ASV_786",3,3,0,7,0,0,0,0,0,0,0
"ASV_1179",0,0,0,0,0,0,2,1,0,0,0
"ASV_333",0,0,0,0,0,0,0,21,0,0,0
"ASV_9",15,14,0,0,3,232,7,651,5,242,17
"ASV_40",36,0,22,7,0,12,0,40,0,204,10
"ASV_87",0,23,3,0,0,40,8,8,3,0,0
"ASV_192",52,0,0,17,0,0,0,0,0,0,0
"ASV_47",11,19,0,154,3,10,0,17,0,49,9
"ASV_213",19,50,0,0,0,0,0,0,0,0,0
"ASV_1221",0,1,4,0,0,0,0,0,0,0,0
"ASV_1269",0,0,0,0,0,0,0,1,1,0,0
"ASV_1109",0,0,0,0,0,0,0,3,0,0,0
"ASV_1368",0,3,0,0,0,0,0,0,0,0,0
"ASV_1319",0,0,4,0,0,0,0,0,0,0,0
"ASV_712",0,0,0,3,1,0,3,0,0,3,3
"ASV_1591",0,0,0,0,0,1,0,0,0,0,0
"ASV_892",0,0,0,0,0,1,0,2,1,0,0
"ASV_421",2,0,7,0,0,2,2,4,4,0,0
"ASV_1537",0,0,0,0,0,0,0,1,0,0,0
"ASV_1063",0,0,0,0,0,0,4,0,0,0,0
"ASV_29",0,12,12,270,22,0,36,13,14,13,33
"ASV_802",0,13,0,0,0,0,0,0,0,0,0
"ASV_309",0,0,0,0,0,0,34,0,0,0,0
"ASV_479",0,0,25,0,0,0,0,3,0,0,0
"ASV_1193",0,0,5,0,0,0,0,0,0,0,0
"ASV_445",0,8,0,0,3,0,4,0,0,6,6
"ASV_66",0,0,36,25,8,0,24,9,15,10,16
"ASV_197",0,12,0,54,0,0,15,0,0,0,0
"ASV_415",0,0,0,21,0,0,0,0,0,0,15
"ASV_1630",1,0,0,0,0,0,0,0,0,0,0
"ASV_1597",0,0,0,0,0,0,0,1,0,0,0
"ASV_1539",0,0,0,0,0,0,0,1,0,0,0
"ASV_1554",0,2,0,0,0,0,0,0,0,0,0
"ASV_1694",0,1,0,0,0,0,0,0,0,0,0
"ASV_1545",0,0,0,0,0,0,0,0,0,0,2
"ASV_587",0,0,2,0,0,0,0,9,0,0,0
"ASV_1140",0,0,0,0,0,0,4,0,0,0,0
"ASV_1629",1,0,0,0,0,0,0,0,0,0,0
"ASV_1692",1,0,0,0,0,0,0,0,0,0,0
"ASV_384",0,0,5,0,2,0,1,12,1,0,0
"ASV_1370",0,3,0,0,0,0,0,0,0,0,0
"ASV_584",0,0,0,0,0,0,2,9,0,0,0
"ASV_486",0,0,0,0,0,0,0,12,1,0,0
"ASV_1099",0,0,0,5,0,0,2,0,0,0,0
"ASV_1346",0,0,0,0,0,0,0,1,0,0,0
"ASV_909",0,0,0,0,0,0,1,3,0,0,0
"ASV_1357",0,0,0,0,0,0,0,0,0,0,3
"ASV_939",0,0,0,3,0,0,0,1,0,0,3
"ASV_1423",0,0,3,0,0,0,0,0,0,0,0
"ASV_511",0,0,0,23,0,0,0,0,3,0,2
"ASV_1593",0,0,0,0,0,0,1,0,0,0,0
"ASV_1496",0,0,2,0,0,0,0,0,0,0,0
"ASV_1411",2,0,0,0,0,0,0,0,0,0,0
"ASV_1490",0,2,0,0,0,0,0,0,0,0,0
"ASV_1083",0,0,0,0,0,0,4,0,0,0,0
"ASV_1317",0,0,4,0,0,0,0,0,0,0,0
"ASV_1421",0,1,0,2,0,0,0,0,0,0,0
"ASV_590",0,0,0,0,0,0,0,0,0,6,15
"ASV_529",0,0,28,0,0,0,0,0,0,0,0
"ASV_936",0,0,10,0,0,0,0,0,0,0,0
"ASV_1347",0,0,0,0,0,0,0,1,0,0,0
"ASV_1344",0,0,0,0,0,0,0,1,0,0,0
"ASV_881",0,0,0,0,0,0,0,2,3,0,1
"ASV_1502",0,0,2,0,0,0,0,0,0,0,0
"ASV_1348",0,0,0,0,0,0,0,1,1,0,0
"ASV_1561",0,0,2,0,0,0,0,0,0,0,0
"ASV_1465",0,0,0,0,0,0,0,1,0,0,0
"ASV_1096",0,0,3,0,0,0,0,0,1,0,1
"ASV_372",0,0,17,0,3,0,0,6,3,0,0
"ASV_1182",0,0,0,0,0,0,0,2,1,0,0
"ASV_1677",0,0,0,0,0,0,0,0,1,0,0
"ASV_1435",0,0,1,0,0,0,0,1,0,0,0
"ASV_796",0,0,0,0,5,0,0,0,0,0,0
"ASV_918",0,2,0,0,0,0,0,0,0,0,5
"ASV_1488",0,2,0,0,0,0,0,0,0,0,0
"ASV_872",0,0,7,0,0,0,2,0,0,3,0
"ASV_1105",0,0,0,0,2,0,0,0,0,0,0
"ASV_1128",0,0,4,0,0,0,0,0,1,0,0
"ASV_1586",0,0,0,0,1,0,0,0,0,0,0
"ASV_448",0,0,0,0,0,0,2,9,4,0,0
"ASV_1669",0,0,0,0,0,0,0,1,0,0,0
"ASV_452",0,14,0,0,0,0,0,0,9,0,0
"ASV_137",0,0,28,21,2,0,8,4,11,0,14
"ASV_719",0,0,0,0,0,0,0,0,8,0,0
"ASV_1064",0,0,0,0,0,0,0,3,0,0,0
"ASV_277",0,0,0,0,0,0,0,9,19,0,0
"ASV_1371",0,2,0,0,0,0,0,0,0,0,1
"ASV_842",0,0,0,0,2,0,3,0,1,0,0
"ASV_999",0,0,0,0,0,0,0,0,0,0,6
"ASV_1472",0,0,0,0,0,0,0,0,1,0,0
"ASV_89",0,44,0,6,0,0,0,2,5,26,67
"ASV_671",0,0,0,20,0,0,0,0,0,0,0
"ASV_471",0,0,0,0,0,0,0,0,0,15,19
"ASV_738",0,0,0,0,0,0,0,0,0,0,12
"ASV_123",0,3,0,0,28,0,0,5,13,0,9
"ASV_546",0,0,0,0,0,0,15,0,0,0,0
"ASV_1144",0,0,0,0,0,0,2,0,2,0,0
"ASV_1416",0,2,0,0,0,0,0,0,0,0,0
"ASV_916",0,9,0,0,0,0,0,0,0,0,0
"ASV_566",0,0,0,25,0,0,0,0,0,0,3
"ASV_628",0,0,0,0,0,0,13,0,0,0,0
"ASV_1425",0,0,3,0,0,0,0,0,0,0,0
"ASV_736",0,0,0,0,0,0,0,3,4,0,0
"ASV_454",0,0,0,0,10,0,0,0,3,0,0
"ASV_414",0,24,8,7,0,0,0,0,0,0,0
"ASV_1205",0,0,0,0,2,0,0,0,0,0,0
"ASV_1187",0,0,0,0,0,0,0,0,0,0,4
"ASV_220",0,2,0,0,0,0,0,7,16,0,18
"ASV_560",0,0,0,0,0,0,3,1,5,0,4
"ASV_759",0,0,0,5,4,0,0,0,0,0,0
"ASV_1563",0,0,2,0,0,0,0,0,0,0,0
"ASV_978",0,1,0,0,1,0,0,2,0,0,0
"ASV_1722",0,0,0,0,0,0,1,0,0,0,0
"ASV_1636",0,1,0,0,0,0,0,0,0,0,0
"ASV_808",0,0,0,0,0,0,0,6,0,0,0
"ASV_1598",0,0,0,0,0,0,0,1,0,0,0
"ASV_991",0,0,0,0,0,0,0,4,0,0,0
"ASV_1725",0,0,0,0,0,0,1,0,0,0,0
"ASV_542",10,7,0,1,0,0,0,0,0,0,0
"ASV_686",6,2,0,0,3,0,0,0,0,0,0
"ASV_1633",0,1,0,0,0,0,0,0,0,0,0
"ASV_262",0,0,1,0,4,0,4,14,4,0,5
"ASV_718",0,0,0,0,0,0,0,6,1,0,0
"ASV_1523",0,0,0,0,1,0,0,0,0,0,0
"ASV_1679",0,0,0,0,0,0,0,0,1,0,0
"ASV_746",0,0,0,0,6,0,0,0,0,0,0
"ASV_460",0,9,9,0,0,0,0,0,0,4,9
"ASV_1676",0,0,0,0,0,0,0,0,1,0,0
"ASV_1166",0,1,1,0,0,0,0,0,0,0,2
"ASV_867",0,11,0,0,0,0,0,0,0,0,0
"ASV_450",0,0,5,0,0,0,7,1,5,0,2
"ASV_588",0,0,0,0,8,0,0,0,0,0,0
"ASV_1076",0,0,7,0,0,0,0,0,0,0,0
"ASV_1429",0,0,3,0,0,0,0,0,0,0,0
"ASV_1671",0,0,0,0,0,0,0,1,0,0,0
"ASV_347",0,0,0,0,1,0,2,6,0,53,2
"ASV_1708",0,0,0,1,0,0,0,0,0,0,0
"ASV_148",0,0,0,0,10,1,3,25,0,59,0
"ASV_1615",0,0,0,0,0,0,0,0,0,0,1
"ASV_1267",0,0,0,0,0,0,0,2,0,0,0
"ASV_1259",0,0,0,0,2,0,0,0,0,0,0
"ASV_1470",0,0,0,0,0,0,0,0,1,0,0
"ASV_850",0,0,12,0,0,0,0,0,0,0,0
"ASV_440",0,2,0,0,5,0,1,0,3,0,6
"ASV_1748",0,0,0,0,0,0,0,0,0,2,0
"ASV_825",0,12,0,0,0,0,0,0,0,0,0
"ASV_311",0,6,0,0,10,0,0,0,4,0,9
"ASV_776",0,0,8,0,0,0,0,3,0,0,0
"ASV_1130",0,0,0,5,1,0,0,0,0,0,0
"ASV_417",0,0,0,0,0,0,9,3,7,0,0
"ASV_503",0,0,18,0,4,0,0,0,0,0,0
"ASV_591",0,8,0,0,2,0,0,0,3,0,0
"ASV_1068",0,0,0,0,0,0,0,0,0,0,5
"ASV_563",0,12,6,0,2,0,0,0,0,0,0
"ASV_724",0,0,0,0,0,0,0,0,7,0,0
"ASV_493",0,0,5,0,7,0,0,0,0,0,0
"ASV_1567",0,0,2,0,0,0,0,0,0,0,0
"ASV_1237",0,0,0,0,0,0,2,0,0,3,0
"ASV_668",0,0,13,0,0,0,0,0,3,0,0
"ASV_1298",0,0,0,0,1,0,0,0,0,0,0
"ASV_848",0,0,0,0,0,0,0,0,5,0,0
"ASV_1035",0,0,0,0,0,0,0,0,4,0,0
"ASV_1247",0,0,4,0,0,0,0,0,0,0,0
"ASV_910",0,0,0,0,0,0,0,0,5,0,0
"ASV_308",0,0,0,0,6,0,0,3,7,0,11
"ASV_772",0,2,0,0,1,0,0,0,4,0,0
"ASV_1526",0,0,0,0,1,0,0,0,0,0,0
"ASV_699",0,0,0,0,3,0,0,0,4,0,0
"ASV_1274",0,0,0,0,0,0,0,0,0,0,3
"ASV_1543",0,0,0,0,0,0,0,0,1,0,0
"ASV_1248",0,0,4,0,0,0,0,0,0,0,0
"ASV_378",0,0,0,0,3,0,0,0,10,0,10
"ASV_1363",0,3,0,0,0,0,0,0,0,0,0
"ASV_1057",0,0,0,0,3,0,0,0,0,0,0
"ASV_1459",0,0,0,0,0,0,2,0,0,0,0
"ASV_1006",0,0,0,10,0,0,0,0,0,0,0
"ASV_1304",0,0,0,0,0,0,0,2,0,0,0
"ASV_1149",0,0,0,0,0,0,0,0,3,0,0
"ASV_601",0,0,0,0,0,0,0,2,8,0,0
"ASV_1153",0,0,0,0,0,0,0,0,0,0,4
"ASV_1090",0,0,0,0,0,0,0,0,3,0,1
"ASV_1398",0,0,0,0,0,0,0,0,1,0,0
"ASV_171",0,9,16,0,7,0,8,5,13,0,3
"ASV_805",0,0,4,4,0,0,0,0,3,0,0
"ASV_1038",0,0,0,0,0,0,0,0,0,0,6
"ASV_1139",0,0,0,0,1,0,0,0,1,0,0
"ASV_1463",0,0,0,0,0,0,0,1,0,0,0
"ASV_1012",0,0,0,0,3,0,0,0,0,0,0
"ASV_851",0,0,12,0,0,0,0,0,0,0,0
"ASV_1475",0,0,0,0,0,0,0,0,0,0,2
"ASV_1089",0,0,0,0,0,0,0,0,3,0,0
"ASV_383",0,0,14,0,11,0,0,0,0,0,0
"ASV_570",0,0,0,0,0,0,0,3,5,0,5
"ASV_523",0,21,0,0,0,0,3,0,0,0,0
"ASV_1168",0,0,6,0,0,0,0,0,0,0,0
"ASV_1233",0,0,0,0,0,0,3,0,0,0,0
"ASV_1354",0,0,0,0,0,0,0,0,2,0,0
"ASV_1507",0,0,2,0,0,0,0,0,0,0,0
"ASV_859",0,0,0,0,4,0,0,0,0,0,0
"ASV_793",0,0,0,0,3,0,0,0,0,0,0
"ASV_489",0,7,0,0,6,0,0,0,0,0,6
"ASV_1342",0,0,0,0,0,0,0,1,0,0,0
"ASV_285",0,0,18,0,1,0,0,2,16,0,0
"ASV_1132",0,0,0,0,0,0,0,0,0,0,1
"ASV_374",0,6,9,3,0,0,8,0,3,0,4
"ASV_708",0,7,0,0,0,0,0,0,4,0,0
"ASV_908",0,0,0,0,0,0,6,0,0,0,0
"ASV_1067",0,0,0,0,0,0,0,0,0,0,5
"ASV_972",0,0,0,0,0,0,0,0,0,0,7
"ASV_1605",0,0,0,0,0,0,0,0,1,0,0
"ASV_976",0,3,0,0,2,0,0,0,0,0,0
"ASV_1169",0,0,6,0,0,0,0,0,0,0,0
"ASV_969",0,0,0,0,0,0,0,1,3,0,0
"ASV_1301",0,0,0,0,0,0,2,0,0,0,0
"ASV_370",0,13,11,0,3,0,0,0,5,0,0
"ASV_865",0,0,0,0,0,0,0,0,5,0,0
"ASV_692",0,0,0,0,0,0,4,0,5,0,0
"ASV_1148",0,0,0,0,0,0,0,0,3,0,0
"ASV_1268",0,0,0,0,0,0,0,1,1,0,0
"ASV_1699",0,1,0,0,0,0,0,0,0,0,0
"ASV_1084",0,0,0,0,0,0,4,0,0,0,0
"ASV_707",0,0,0,0,6,0,0,0,0,0,0
"ASV_538",0,18,0,0,0,0,0,0,3,0,0
"ASV_958",0,0,9,0,0,0,0,0,0,0,0
"ASV_1138",0,0,0,0,2,0,0,0,0,0,0
"ASV_952",0,0,0,0,0,0,0,1,4,0,0
"ASV_1428",0,0,3,0,0,0,0,0,0,0,0
"ASV_296",0,0,0,0,8,0,0,7,10,0,0
"ASV_69",0,9,3,15,12,0,28,6,32,4,12
"ASV_857",0,0,0,14,0,0,0,0,0,0,0
"ASV_606",0,0,0,0,5,0,0,1,3,0,0
"ASV_346",0,0,13,0,8,0,0,0,0,0,5
"ASV_1236",0,0,0,0,0,0,3,0,0,0,0
"ASV_206",0,7,15,11,8,0,3,0,2,3,16
"ASV_1331",0,0,0,0,1,0,0,0,0,0,0
"ASV_222",0,20,8,12,12,0,3,0,0,0,0
"ASV_834",0,0,0,0,0,0,0,0,0,0,9
"ASV_80",0,14,26,19,21,0,17,0,0,0,8
"ASV_49",0,71,51,31,11,0,49,0,2,0,10
"ASV_244",0,0,20,0,10,0,0,0,0,0,17
"ASV_23",0,69,163,42,69,0,30,1,2,0,34
"ASV_368",0,0,0,0,16,0,0,0,0,0,0
"ASV_170",0,11,26,0,6,0,2,0,0,19,28
"ASV_36",0,27,100,37,26,0,8,3,7,18,67
"ASV_54",0,4,60,4,37,0,0,0,0,11,67
"ASV_648",0,0,0,0,0,0,0,3,6,0,0
"ASV_473",0,0,9,0,4,0,0,1,4,0,1
"ASV_1218",0,5,0,0,0,0,0,0,0,0,0
"ASV_1222",0,1,0,0,1,0,0,0,0,0,0
"ASV_1322",0,0,2,0,0,0,0,0,0,0,1
"ASV_1011",0,0,0,0,3,0,0,0,0,0,0
"ASV_1239",0,0,0,0,0,0,0,0,2,0,0
"ASV_1613",0,0,0,0,0,0,0,0,0,0,1
"ASV_1503",0,0,2,0,0,0,0,0,0,0,0
"ASV_490",0,3,0,0,4,0,2,0,0,0,8
"ASV_1639",0,0,1,0,0,0,0,0,0,0,0
"ASV_1581",0,0,0,0,1,0,0,0,0,0,0
"ASV_1367",0,3,0,0,0,0,0,0,0,0,0
"ASV_1360",0,0,0,0,0,0,0,0,0,0,3
"ASV_1066",0,0,0,0,0,0,0,0,3,0,0
"ASV_1447",0,0,0,0,1,0,0,0,0,0,0
"ASV_656",0,0,20,0,0,0,0,0,0,0,0
"ASV_1617",0,0,0,0,0,0,0,0,0,0,1
"ASV_932",0,9,0,0,0,0,0,0,0,0,0
"ASV_753",0,0,0,0,6,0,0,0,0,0,0
"ASV_1479",0,0,0,0,0,0,0,0,0,0,2
"ASV_585",0,0,0,0,0,0,0,2,9,0,0
"ASV_1007",0,0,0,0,0,0,0,0,0,0,4
"ASV_649",0,0,0,0,0,0,0,1,8,0,0
"ASV_1278",0,4,0,0,0,0,0,0,0,0,0
"ASV_933",0,9,0,0,0,0,0,0,0,0,0
"ASV_1003",0,5,0,0,1,0,0,0,0,0,0
"ASV_496",0,9,0,0,0,0,0,0,0,0,15
"ASV_1501",0,0,2,0,0,0,0,0,0,0,0
"ASV_1506",0,0,2,0,0,0,0,0,0,0,0
"ASV_1685",0,0,0,0,0,0,0,0,0,0,1
"ASV_1565",0,0,2,0,0,0,0,0,0,0,0
"ASV_1674",0,0,0,0,0,0,0,0,1,0,0
"ASV_1125",0,0,6,0,0,0,0,0,0,0,0
"ASV_1612",0,0,0,0,0,0,0,0,0,0,1
"ASV_1016",0,0,0,0,0,0,0,1,2,0,0
"ASV_1115",0,0,0,0,0,0,0,0,0,0,5
"ASV_1568",0,0,2,0,0,0,0,0,0,0,0
"ASV_987",0,0,0,0,3,0,0,0,0,0,0
"ASV_1474",0,0,0,0,0,0,0,0,0,0,2
"ASV_1387",0,0,0,0,1,0,0,0,0,0,0
"ASV_1014",0,0,0,0,1,0,0,0,0,0,4
"ASV_211",0,0,0,0,0,0,0,8,29,0,0
"ASV_887",0,0,4,0,2,0,0,0,0,0,0
"ASV_1385",0,0,0,0,1,0,0,0,0,0,0
"ASV_1136",0,0,0,0,2,0,0,0,0,0,0
"ASV_1432",0,0,3,0,0,0,0,0,0,0,0
"ASV_1404",0,0,0,0,0,0,0,0,0,0,2
"ASV_1635",0,1,0,0,0,0,0,0,0,0,0
"ASV_1438",0,0,0,3,0,0,0,0,0,0,0
"ASV_1414",0,2,0,0,0,0,0,0,0,0,0
"ASV_911",0,0,0,0,0,0,0,0,5,0,0
"ASV_755",0,0,0,0,0,0,1,5,1,0,0
"ASV_504",0,0,7,0,0,0,0,5,5,0,0
"ASV_923",0,0,0,12,0,0,0,0,0,0,0
"ASV_108",0,0,19,0,47,0,0,0,0,0,0
"ASV_1478",0,0,0,0,0,0,0,0,0,0,2
"ASV_871",0,0,7,0,0,0,0,0,0,0,3
"ASV_961",0,0,9,0,0,0,0,0,0,0,0
"ASV_1103",0,0,0,0,2,0,0,0,0,0,0
"ASV_312",0,0,9,0,2,0,0,7,5,7,6
"ASV_849",0,3,0,0,3,0,0,0,0,0,0
"ASV_1379",0,0,0,4,0,0,0,0,0,0,0
"ASV_1286",0,0,4,0,0,0,0,0,0,0,0
"ASV_878",0,0,0,0,4,0,0,0,0,0,0
"ASV_429",0,0,0,4,4,0,0,8,1,0,0
"ASV_658",0,0,0,0,6,0,0,0,0,0,3
"ASV_1599",0,0,0,0,0,0,0,1,0,0,0
"ASV_1047",0,2,0,3,1,0,0,0,0,0,0
"ASV_37",0,47,29,75,11,0,20,13,43,3,18
"ASV_202",0,0,0,0,0,0,0,10,29,0,0
"ASV_91",0,0,12,0,8,0,0,0,0,47,81
"ASV_758",0,0,0,6,0,0,0,2,3,0,0
"ASV_756",0,0,15,0,0,0,0,0,0,0,0
"ASV_966",0,0,0,0,3,0,0,0,0,0,0
"ASV_306",0,0,0,0,5,0,0,9,0,7,10
"ASV_1056",0,0,0,0,3,0,0,0,0,0,0
"ASV_1060",0,0,0,0,2,0,1,1,0,0,0
"ASV_943",0,0,0,0,3,0,0,0,0,0,2
"ASV_924",0,0,0,0,2,0,0,0,1,0,0
"ASV_12",0,30,177,34,33,0,138,140,356,14,82
"ASV_72",0,14,33,0,19,0,10,7,18,0,19
"ASV_79",0,10,43,0,0,0,6,17,39,0,0
"ASV_15",0,60,43,36,134,0,340,64,158,0,18
"ASV_369",0,0,0,0,0,0,27,0,0,0,0
"ASV_592",0,6,0,0,6,0,0,0,0,0,0
"ASV_286",0,0,6,13,0,0,0,0,0,0,27
"ASV_714",0,0,0,0,6,0,0,0,0,0,0
"ASV_1117",0,6,0,0,0,0,0,0,0,0,0
"ASV_1081",0,0,0,0,3,0,0,0,0,0,0
"ASV_589",0,0,0,0,0,0,0,5,5,0,0
"ASV_151",0,28,22,0,16,0,0,0,0,0,15
"ASV_228",0,0,8,68,5,0,0,0,0,0,0
"ASV_155",0,0,6,96,5,0,0,0,0,0,7
"ASV_257",0,0,20,0,8,0,0,3,7,0,0
"ASV_459",0,10,0,0,6,0,0,0,0,0,0
"ASV_167",0,0,41,0,11,0,6,2,3,0,0
"ASV_204",0,25,0,15,17,0,0,0,0,0,0
"ASV_1124",0,0,6,0,0,0,0,0,0,0,0
"ASV_1167",0,0,6,0,0,0,0,0,0,0,0
"ASV_435",0,0,0,0,0,0,0,0,0,0,26
"ASV_322",0,18,0,0,12,0,0,0,0,0,0
"ASV_537",0,0,0,0,0,0,16,0,0,0,0
"ASV_114",0,12,0,0,19,0,0,0,0,0,56
"ASV_126",0,0,36,0,12,0,0,5,7,0,22
"ASV_127",0,0,0,0,0,0,0,0,0,30,83
"ASV_598",0,0,0,0,8,0,0,0,0,0,0
"ASV_304",0,0,0,7,6,0,4,6,6,0,0
"ASV_605",0,0,5,0,2,0,0,0,0,8,6
"ASV_661",0,0,0,0,0,0,0,0,0,0,14
"ASV_52",0,0,273,0,0,0,0,0,0,0,0
"ASV_1058",0,0,0,0,3,0,0,0,0,0,0
"ASV_110",0,4,12,0,27,0,7,0,3,0,26
"ASV_1116",0,6,0,0,0,0,0,0,0,0,0
"ASV_1080",0,0,0,0,3,0,0,0,0,0,0
"ASV_81",0,0,32,0,27,0,12,3,0,0,11
"ASV_169",0,71,0,35,0,0,0,0,0,0,0
"ASV_55",0,0,34,34,23,0,0,17,18,0,7
"ASV_603",0,0,23,0,0,0,0,0,0,0,0
"ASV_508",0,0,0,14,3,0,0,0,0,0,6
"ASV_224",0,3,5,0,14,0,3,0,0,8,16
"ASV_763",0,0,0,0,3,0,0,0,2,0,0
"ASV_1059",0,0,0,0,2,0,0,0,1,0,0
"ASV_1135",0,0,0,0,2,0,0,0,0,0,0
"ASV_1029",0,0,8,0,0,0,0,0,0,0,0
"ASV_1211",0,0,0,0,0,0,0,2,0,0,0
"ASV_1054",0,0,0,0,3,0,0,0,0,0,0
"ASV_1389",0,0,0,0,1,0,0,0,0,0,0
"ASV_1391",0,0,0,0,1,0,0,0,0,0,0
"ASV_831",0,0,0,0,4,0,1,0,0,0,0
"ASV_1492",0,2,0,0,0,0,0,0,0,0,0
"ASV_465",0,0,0,0,6,0,0,6,2,0,0
"ASV_1280",0,4,0,0,0,0,0,0,0,0,0
"ASV_1460",0,0,0,0,0,0,2,0,0,0,0
"ASV_1174",0,0,0,0,1,0,0,0,1,0,0
"ASV_1483",0,0,0,0,0,0,0,0,0,0,2
"ASV_697",0,0,9,4,0,0,0,0,0,0,4
"ASV_862",0,0,0,0,4,0,0,0,0,0,0
"ASV_416",0,0,0,0,4,0,3,4,6,0,0
"ASV_1027",0,3,5,0,0,0,0,0,0,0,0
"ASV_1529",0,0,0,0,1,0,0,0,0,0,0
"ASV_1476",0,0,0,0,0,0,0,0,0,0,2
"ASV_799",0,0,0,0,1,0,0,1,4,0,0
"ASV_403",0,0,0,0,0,13,0,1,1,0,0
"ASV_1335",0,0,0,0,0,1,0,0,0,0,0
"ASV_1454",0,0,0,0,0,1,0,0,0,0,0
"ASV_106",0,0,0,0,1,42,0,12,0,4,0
"ASV_1",1901,239,164,34,281,1817,262,89,78,992,32
"ASV_18",0,0,0,21,0,91,21,249,15,0,12
"ASV_596",0,0,2,0,4,0,5,0,1,0,0
"ASV_771",0,5,2,4,2,0,0,0,0,0,0
"ASV_107",0,30,0,0,13,0,12,0,12,6,21
"ASV_260",0,0,0,0,0,0,0,4,26,0,0
"ASV_446",0,0,4,5,0,0,0,1,10,0,2
"ASV_292",0,5,0,0,20,0,0,0,0,0,0
"ASV_317",0,0,0,14,0,0,25,0,0,0,0
"ASV_970",0,0,0,0,0,0,0,0,4,0,0
"ASV_1208",0,0,0,0,0,0,3,0,0,0,0
"ASV_1110",0,0,0,0,0,0,0,1,1,0,0
"ASV_432",0,0,0,0,13,0,0,0,0,0,0
"ASV_287",0,0,0,0,22,0,0,0,0,0,0
"ASV_1290",0,0,0,5,0,0,0,0,0,0,0
"ASV_975",0,8,0,0,0,0,0,0,0,0,0
"ASV_823",0,0,0,0,0,0,0,0,0,0,9
"ASV_1231",0,0,0,0,1,0,0,0,1,0,0
"ASV_1008",0,0,0,0,3,0,0,0,0,0,0
"ASV_90",0,0,2,0,1,0,27,8,46,0,0
"ASV_289",0,0,0,11,11,0,5,0,1,0,7
"ASV_298",0,0,6,11,2,0,0,4,13,0,0
"ASV_664",0,3,0,0,6,0,0,0,0,0,0
"ASV_733",0,0,0,0,6,0,0,0,0,0,0
"ASV_1284",0,0,4,0,0,0,0,0,0,0,0
"ASV_1400",0,0,0,0,0,0,0,0,1,0,0
"ASV_147",0,0,5,4,3,0,16,8,23,0,0
"ASV_189",0,0,0,0,21,0,0,2,4,5,13
"ASV_122",0,5,26,6,4,0,19,0,8,7,24
"ASV_843",0,0,0,0,1,0,1,1,2,0,0
"ASV_1453",0,0,0,0,1,0,0,0,0,0,0
"ASV_442",0,3,3,0,5,0,3,0,3,0,2
"ASV_540",0,0,1,4,2,0,6,0,3,0,0
"ASV_1036",0,0,0,0,0,0,0,0,0,0,6
"ASV_1238",0,0,0,0,0,0,1,0,1,0,0
"ASV_1486",0,2,0,0,0,0,0,0,0,0,0
"ASV_352",0,22,0,8,4,0,2,0,1,0,0
"ASV_594",0,0,7,9,3,0,0,0,0,0,0
"ASV_1156",0,0,0,0,0,0,0,0,0,0,4
"ASV_221",0,0,0,0,29,0,0,0,0,0,0
"ASV_191",0,42,2,0,1,0,0,2,15,0,0
"ASV_141",0,12,0,0,0,0,0,0,0,6,76
"ASV_53",0,0,25,7,0,0,0,18,77,0,0
"ASV_145",0,35,0,99,0,0,0,0,0,0,0
"ASV_789",0,0,9,0,2,0,0,0,0,0,0
"ASV_22",0,22,0,0,24,0,115,48,84,0,0
"ASV_150",0,0,0,0,42,0,0,0,0,0,0
"ASV_133",0,0,0,0,5,0,3,0,0,15,73
"ASV_633",0,0,21,0,0,0,0,0,0,0,0
"ASV_30",0,0,226,0,0,0,0,0,0,28,152
"ASV_1361",0,0,0,0,0,0,0,0,0,0,3
"ASV_104",0,0,155,0,0,0,0,0,0,0,0
"ASV_173",0,11,19,0,0,0,0,0,0,13,49
"ASV_388",0,0,43,0,0,0,0,0,0,0,0
"ASV_1102",0,0,0,0,2,0,0,0,0,0,0
"ASV_46",0,0,0,0,3,0,9,16,97,0,6
"ASV_1374",0,0,3,0,0,0,0,0,0,0,0
"ASV_839",0,0,0,0,4,0,0,0,0,0,0
"ASV_328",0,0,50,0,0,0,0,0,2,0,0
"ASV_696",0,2,0,0,3,0,5,0,0,0,0
"ASV_940",0,0,0,0,3,0,0,0,0,0,0
"ASV_1388",0,0,0,0,1,0,0,0,0,0,0
"ASV_99",0,0,9,0,37,0,0,0,5,10,8
"ASV_188",0,0,0,0,34,0,0,0,0,0,0
"ASV_307",0,0,0,0,9,0,3,0,0,0,18
"ASV_678",0,0,0,0,0,0,0,1,4,0,6
"ASV_1113",0,0,0,0,0,0,0,0,3,0,0
"ASV_152",0,0,0,0,0,0,4,9,27,0,13
"ASV_866",0,0,0,0,0,0,0,0,0,0,8
"ASV_68",0,0,0,0,20,0,0,10,42,0,30
"ASV_387",0,0,0,0,0,0,0,5,14,0,0
"ASV_1101",0,0,0,0,2,0,0,0,0,0,0
"ASV_721",0,0,0,0,6,0,0,0,0,0,0
"ASV_1053",0,0,0,0,3,0,0,0,0,0,0
"ASV_1217",0,0,0,0,0,0,0,0,0,0,4
"ASV_283",0,0,0,0,0,0,0,5,22,0,0
"ASV_1436",0,0,0,3,0,0,0,0,0,0,0
"ASV_401",0,0,14,0,6,0,0,0,0,0,2
"ASV_70",0,0,2,0,0,0,22,18,57,0,0
"ASV_92",0,0,0,0,0,0,0,0,0,17,116
"ASV_74",0,0,74,0,15,0,0,4,10,9,16
"ASV_234",0,39,8,0,7,0,0,0,0,0,6
"ASV_1372",0,0,3,0,0,0,0,0,0,0,0
"ASV_607",0,0,0,0,0,0,0,0,0,0,16
"ASV_250",0,0,0,0,2,0,0,5,18,0,10
"ASV_315",0,0,36,0,5,0,0,0,0,0,0
"ASV_502",0,17,0,0,0,0,7,0,0,0,0
"ASV_75",0,0,8,0,20,0,0,5,32,15,28
"ASV_288",0,9,5,3,0,0,8,2,7,0,8
"ASV_1419",0,2,0,0,0,0,0,0,0,0,0
"ASV_732",0,0,0,5,1,0,3,0,0,0,3
"ASV_896",0,0,7,0,1,0,0,0,0,0,0
"ASV_552",0,0,5,0,0,0,0,0,6,0,0
"ASV_337",0,0,0,0,5,0,0,0,0,0,26
"ASV_143",0,0,0,0,0,0,13,10,34,0,0
"ASV_444",0,0,0,0,0,0,0,2,5,18,8
"ASV_135",0,0,0,0,13,0,0,10,29,0,0
"ASV_109",0,28,20,0,0,0,20,6,22,0,0
"ASV_521",0,0,0,0,0,0,17,0,0,0,0
"ASV_660",0,0,0,0,0,0,0,0,0,0,14
"ASV_332",0,0,0,35,0,0,0,0,5,0,0
"ASV_884",0,0,0,0,0,0,0,0,0,0,8
"ASV_229",0,0,6,0,9,0,28,0,0,0,0
"ASV_201",0,0,0,0,10,0,0,0,0,0,16
"ASV_138",0,0,7,18,17,0,13,6,8,0,0
"ASV_524",0,0,8,0,7,0,0,0,0,0,0
"ASV_217",0,0,48,0,9,0,0,0,4,0,0
"ASV_1061",0,0,0,0,0,0,4,0,0,0,0
"ASV_1509",0,0,0,3,0,0,0,0,0,0,0
"ASV_557",0,0,3,0,0,0,5,2,4,0,0
"ASV_750",0,2,0,3,1,0,0,0,0,0,4
"ASV_925",0,0,0,0,4,0,0,0,0,0,0
"ASV_466",0,0,0,0,4,0,0,2,8,0,0
"ASV_205",0,10,24,0,0,0,0,0,0,7,29
"ASV_829",0,0,0,6,3,0,0,0,0,0,0
"ASV_1558",0,2,0,0,0,0,0,0,0,0,0
"ASV_418",0,36,0,0,0,0,0,0,0,0,0
"ASV_225",0,0,14,21,8,0,6,0,3,0,0
"ASV_1189",0,5,0,0,0,0,0,0,0,0,0
"ASV_917",0,7,0,0,1,0,0,0,0,0,0
"ASV_1120",0,3,0,0,0,0,0,0,0,0,2
"ASV_249",0,0,0,16,0,0,12,3,14,0,0
"ASV_1039",0,0,0,0,0,0,0,0,0,0,6
"ASV_897",0,0,4,0,2,0,0,0,0,0,0
"ASV_252",0,0,0,0,3,0,5,0,0,8,37
"ASV_455",0,0,0,0,5,0,0,0,3,0,11
"ASV_98",0,0,0,2,0,0,56,4,22,0,0
"ASV_181",0,11,6,0,0,0,0,0,0,5,52
"ASV_1601",0,0,0,0,0,0,0,1,0,0,0
"ASV_1188",0,5,0,0,0,0,0,0,0,0,0
"ASV_391",0,7,0,24,5,0,0,0,0,0,0
"ASV_792",0,0,0,0,1,0,0,0,0,0,0
"ASV_510",0,12,4,13,0,0,0,0,0,0,0
"ASV_1452",0,0,0,0,1,0,0,0,0,0,0
"ASV_947",0,0,0,0,0,0,4,0,1,0,0
"ASV_379",0,0,0,0,0,0,23,0,0,0,3
"ASV_431",0,0,0,11,6,0,0,1,4,0,0
"ASV_637",0,14,2,0,0,0,0,0,0,0,0
"ASV_1062",0,0,0,0,0,0,4,0,0,0,0
"ASV_342",0,10,4,16,7,0,0,0,0,0,0
"ASV_1150",0,0,0,0,0,0,0,0,0,0,4
"ASV_271",0,0,0,5,5,0,0,0,0,0,0
"ASV_973",0,0,0,0,0,0,0,0,0,0,7
"ASV_1114",0,0,0,0,0,0,0,0,0,0,5
"ASV_264",0,0,0,0,0,0,0,1,13,0,25
"ASV_1392",0,0,0,0,1,0,0,0,0,0,0
"ASV_323",0,37,0,0,0,0,0,0,0,0,10
"ASV_488",0,20,0,9,1,0,0,0,0,0,0
"ASV_642",0,0,21,0,0,0,0,0,0,0,0
"ASV_561",0,23,0,0,0,0,0,0,0,0,0
"ASV_768",0,14,0,0,0,0,0,0,0,0,0
"ASV_567",0,0,0,21,0,0,0,0,0,0,0
"ASV_365",0,0,0,0,8,0,0,0,0,0,16
"ASV_359",0,13,0,0,0,0,18,0,0,0,0
"ASV_1097",0,0,0,8,0,0,0,0,0,0,0
"ASV_111",0,14,4,0,15,0,19,4,17,0,0
"ASV_781",0,0,0,0,5,0,0,0,0,0,0
"ASV_901",0,0,0,5,0,0,0,0,0,0,4
"ASV_243",0,70,0,0,0,0,0,0,0,0,0
"ASV_1534",0,0,0,0,0,0,1,0,0,0,0
"ASV_42",0,0,0,0,0,0,188,0,0,0,0
"ASV_795",0,0,0,0,5,0,0,0,0,0,0
"ASV_320",0,38,0,9,0,0,0,0,0,0,4
"ASV_330",0,0,5,0,0,0,8,1,6,0,12
"ASV_1119",0,4,0,0,0,0,0,0,1,0,0
"ASV_1004",0,2,0,0,1,0,0,0,0,0,0
"ASV_1618",0,0,0,0,0,0,0,0,0,0,1
"ASV_706",0,0,4,0,0,0,0,0,0,0,9
"ASV_579",0,0,0,0,0,0,0,0,0,4,16
"ASV_618",0,0,0,0,6,0,3,0,0,0,0
"ASV_990",0,0,0,0,0,0,5,0,0,0,0
"ASV_544",0,0,4,0,0,0,0,1,7,0,4
"ASV_530",0,0,24,0,1,0,0,0,0,0,0
"ASV_357",0,0,0,21,0,0,0,0,0,0,0
"ASV_437",0,0,0,0,8,0,8,0,0,0,0
"ASV_861",0,0,0,0,4,0,0,0,0,0,0
"ASV_880",0,0,0,0,0,0,3,0,3,0,0
"ASV_931",0,0,0,0,0,0,0,0,4,0,0
"ASV_190",0,0,0,38,20,0,0,0,0,0,5
"ASV_935",0,0,10,0,0,0,0,0,0,0,0
"ASV_770",0,6,0,0,0,0,5,0,0,0,0
"ASV_1106",0,0,0,0,2,0,0,0,0,0,0
"ASV_979",0,0,4,0,0,0,0,0,2,0,0
"ASV_1266",0,0,0,0,0,0,3,0,0,0,0
"ASV_938",0,0,0,3,3,0,0,0,0,0,0
"ASV_674",0,0,0,0,2,0,0,0,0,4,8
"ASV_788",0,0,14,0,0,0,0,0,0,0,0
"ASV_482",0,2,0,3,8,0,2,0,0,0,0
"ASV_639",0,8,2,0,2,0,0,0,2,0,0
"ASV_485",0,0,0,0,3,0,11,0,2,0,0
"ASV_375",0,4,4,2,3,0,0,2,6,0,4
"ASV_709",0,7,10,0,0,0,0,0,0,0,0
"ASV_290",0,0,0,2,5,0,4,2,13,0,4
"ASV_353",0,8,0,0,0,0,0,3,7,3,8
"ASV_1041",0,7,0,0,0,0,0,0,0,0,0
"ASV_1480",0,0,0,0,0,0,0,0,0,0,2
"ASV_1600",0,0,0,0,0,0,0,1,0,0,0
"ASV_1525",0,0,0,0,1,0,0,0,0,0,0
"ASV_273",0,18,4,0,4,0,2,0,3,0,16
"ASV_893",0,10,0,0,0,0,0,0,0,0,0
"ASV_196",0,8,0,0,11,0,20,2,0,0,9
"ASV_525",0,0,0,6,0,0,0,0,10,0,0
"ASV_326",0,0,13,0,14,0,0,0,0,0,0
"ASV_405",0,20,0,0,0,0,3,0,0,0,10
"ASV_652",0,0,9,0,0,0,4,0,0,0,0
"ASV_1683",0,0,0,0,0,0,0,0,0,0,1
"ASV_1023",0,7,0,0,0,0,0,0,0,0,0
"ASV_1399",0,0,0,0,0,0,0,0,1,0,0
"ASV_1412",0,2,0,0,0,0,0,0,0,0,0
"ASV_16",0,0,0,0,0,0,0,88,443,19,49
"ASV_281",0,4,0,0,19,0,0,0,0,0,0
"ASV_187",0,0,7,0,3,0,0,7,27,0,0
"ASV_951",0,0,0,0,0,0,0,2,2,0,0
"ASV_129",0,0,21,0,2,0,0,7,30,0,12
"ASV_681",0,0,0,0,0,0,0,0,0,0,8
"ASV_351",0,0,0,0,0,0,0,0,0,7,31
"ASV_58",0,0,45,50,35,0,39,0,0,0,0
"ASV_198",0,0,10,4,0,0,0,0,0,11,47
"ASV_819",0,0,0,0,5,0,0,0,0,0,0
"ASV_136",0,0,0,0,0,0,0,18,35,0,0
"ASV_412",0,0,0,0,0,0,15,0,0,0,10
"ASV_959",0,0,9,0,0,0,0,0,0,0,0
"ASV_350",0,4,0,0,15,0,0,0,0,0,0
"ASV_128",0,0,25,0,10,0,0,9,25,0,0
"ASV_569",0,0,0,0,4,0,0,0,6,0,0
"ASV_316",0,0,33,0,0,0,0,0,0,0,9
"ASV_406",0,0,0,10,0,0,19,0,0,0,0
"ASV_824",0,0,0,0,0,0,0,0,0,0,9
"ASV_886",0,0,4,0,2,0,0,0,0,0,0
"ASV_625",0,0,0,25,0,0,0,0,0,0,0
"ASV_757",0,0,4,13,0,0,0,0,0,0,0
"ASV_547",0,0,0,0,0,0,0,0,0,7,16
"ASV_313",0,0,0,0,0,0,0,4,20,0,0
"ASV_920",0,2,0,0,3,0,0,0,0,0,0
"ASV_995",0,0,0,0,0,0,0,0,4,0,0
"ASV_1390",0,0,0,0,1,0,0,0,0,0,0
"ASV_161",0,0,0,0,28,0,7,0,5,0,7
"ASV_1589",0,0,0,0,1,0,0,0,0,0,0
"ASV_873",0,0,0,3,0,0,1,0,2,0,2
"ASV_255",0,0,6,12,13,0,0,0,3,0,3
"ASV_904",0,0,0,0,2,0,0,0,0,0,3
"ASV_571",0,0,0,0,0,0,0,0,11,0,0
"ASV_827",0,0,5,0,0,0,0,0,0,0,0
"ASV_179",0,0,0,0,0,0,0,8,37,0,0
"ASV_50",0,0,0,0,0,0,0,14,108,0,0
"ASV_956",0,9,0,0,0,0,0,0,0,0,0
"ASV_1224",0,0,5,0,0,0,0,0,0,0,0
"ASV_791",0,0,5,11,0,0,0,0,0,0,0
"ASV_522",0,0,0,0,0,0,2,0,0,0,18
"ASV_556",0,3,0,25,0,0,0,0,0,0,0
"ASV_132",0,0,47,13,8,0,5,0,16,0,0
"ASV_184",0,0,0,0,33,0,4,0,0,0,0
"ASV_251",0,0,0,77,0,0,0,0,3,0,0
"ASV_21",0,44,76,0,0,0,115,17,83,17,73
"ASV_693",0,0,0,0,0,0,0,0,0,0,13
"ASV_48",0,0,0,0,103,0,0,0,0,0,0
"ASV_115",0,0,24,36,10,0,6,0,0,15,31
"ASV_634",0,0,14,0,3,0,0,0,0,0,0
"ASV_305",0,0,15,0,3,0,0,3,12,0,0
"ASV_974",0,8,0,0,0,0,0,0,0,0,0
"ASV_620",0,0,0,0,0,0,13,0,0,0,0
"ASV_43",0,14,18,154,32,0,32,0,0,0,0
"ASV_1312",0,0,0,0,0,0,0,0,0,0,3
"ASV_741",0,0,16,0,0,0,0,0,0,0,0
"ASV_1366",0,3,0,0,0,0,0,0,0,0,0
"ASV_451",0,0,0,0,4,0,0,0,0,0,16
"ASV_176",0,15,0,26,8,0,0,0,19,0,0
"ASV_480",0,4,0,0,10,0,0,0,0,0,0
"ASV_636",0,0,0,0,8,0,0,0,0,0,0
"ASV_798",0,0,0,0,5,0,0,0,0,0,0
"ASV_1049",0,0,2,0,0,0,0,0,0,0,4
"ASV_310",0,0,0,0,0,0,0,5,20,0,0
"ASV_611",0,7,9,6,0,0,0,0,0,0,0
"ASV_329",0,4,0,0,17,0,0,0,0,0,0
"ASV_945",0,0,0,0,1,0,0,0,4,0,0
"ASV_1173",0,0,0,0,1,0,0,0,0,0,0
"ASV_1232",0,0,0,0,0,0,2,0,0,0,0
"ASV_885",0,3,0,0,0,0,0,0,0,0,5
"ASV_314",0,0,22,0,0,0,0,0,0,11,21
"ASV_879",0,0,0,0,4,0,0,0,0,0,0
"ASV_1044",0,5,0,3,0,0,0,0,0,0,0
"ASV_783",0,0,0,0,2,0,0,0,0,0,6
"ASV_1271",0,0,0,0,0,0,0,0,2,0,0
"ASV_774",0,2,0,0,0,0,0,1,5,0,0
"ASV_876",0,0,0,0,3,0,0,0,0,0,0
"ASV_855",0,0,2,0,3,0,0,0,0,0,0
"ASV_1634",0,1,0,0,0,0,0,0,0,0,0
"ASV_38",0,19,0,62,10,0,148,0,0,0,0
"ASV_103",0,0,0,0,0,0,0,7,60,0,0
"ASV_96",0,0,0,0,54,0,0,0,0,0,0
"ASV_272",0,0,0,0,0,0,0,2,27,0,0
"ASV_195",0,0,0,0,33,0,0,0,0,0,0
"ASV_498",0,0,10,0,0,0,0,0,0,4,13
"ASV_134",0,0,0,0,0,0,34,5,25,0,0
"ASV_914",0,0,0,0,0,0,0,0,0,0,8
"ASV_1469",0,0,0,0,0,0,0,0,1,0,0
"ASV_1504",0,0,2,0,0,0,0,0,0,0,0
"ASV_439",0,5,0,8,2,0,0,0,4,0,7
"ASV_1489",0,2,0,0,0,0,0,0,0,0,0
"ASV_241",0,15,0,65,0,0,2,0,0,0,0
"ASV_1229",0,0,0,0,2,0,0,0,0,0,0
"ASV_247",0,10,0,4,0,0,6,1,16,2,6
"ASV_470",0,0,0,0,2,0,17,0,0,0,0
"ASV_501",0,0,0,0,0,0,18,0,0,0,0
"ASV_1440",0,0,0,3,0,0,0,0,0,0,0
"ASV_487",0,0,0,0,0,0,0,2,11,0,0
"ASV_578",0,0,0,0,0,0,0,0,11,0,0
"ASV_1077",0,0,3,0,0,0,0,0,0,0,3
"ASV_898",0,0,0,12,0,0,0,0,0,0,0
"ASV_464",0,0,0,0,6,0,0,0,0,0,12
"ASV_1161",0,5,0,0,0,0,0,0,0,0,0
"ASV_1287",0,0,4,0,0,0,0,0,0,0,0
"ASV_356",0,0,1,6,0,0,12,0,8,0,2
"ASV_1464",0,0,0,0,0,0,0,1,0,0,0
"ASV_453",0,0,0,0,12,0,0,0,0,0,0
"ASV_113",0,7,0,0,11,0,55,0,5,0,0
"ASV_980",0,0,0,10,0,0,0,0,0,0,0
"ASV_1584",0,0,0,0,1,0,0,0,0,0,0
"ASV_1288",0,0,0,5,0,0,0,0,0,0,0
"ASV_449",0,4,4,3,2,0,5,0,2,0,2
"ASV_339",0,0,0,0,0,0,5,1,11,0,6
"ASV_1154",0,0,0,0,0,0,0,0,0,0,4
"ASV_1320",0,0,4,0,0,0,0,0,0,0,0
"ASV_1587",0,0,0,0,1,0,0,0,0,0,0
"ASV_1375",0,0,3,0,0,0,0,0,0,0,0
"ASV_582",0,0,8,0,1,0,0,0,0,0,10
"ASV_381",0,16,0,4,6,0,0,0,0,0,6
"ASV_1282",0,0,4,0,0,0,0,0,0,0,0
"ASV_1548",0,0,0,0,0,0,0,0,0,0,2
"ASV_227",0,0,18,60,0,0,0,0,0,0,0
"ASV_61",0,50,18,0,9,0,0,9,45,0,13
"ASV_157",0,0,0,10,22,0,15,0,0,9,9
"ASV_581",0,0,11,15,0,0,0,0,0,0,0
"ASV_647",0,0,0,0,0,0,8,0,3,0,0
"ASV_1093",0,6,0,0,0,0,0,0,0,0,0
"ASV_810",0,0,0,0,0,0,0,0,0,0,10
"ASV_1028",0,0,8,0,0,0,0,0,0,0,0
"ASV_602",0,0,0,0,0,0,0,0,0,3,15
"ASV_954",0,0,0,0,0,0,0,0,4,0,0
"ASV_1341",0,0,0,0,0,0,2,0,0,0,0
"ASV_71",0,0,0,61,16,0,4,9,37,0,0
"ASV_274",0,26,23,0,0,0,0,0,0,0,10
"ASV_1431",0,0,3,0,0,0,0,0,0,0,0
"ASV_31",0,4,0,0,0,0,30,34,135,0,0
"ASV_88",0,0,38,8,2,0,0,0,0,11,57
"ASV_621",0,0,0,0,0,0,0,0,8,0,3
"ASV_891",0,0,0,0,2,0,0,0,1,0,2
"ASV_1299",0,0,0,0,1,0,0,0,0,0,0
"ASV_1297",0,0,0,0,1,0,0,0,0,0,0
"ASV_1192",0,1,0,0,1,0,0,0,1,0,0
"ASV_1570",0,0,0,2,0,0,0,0,0,0,0
"ASV_160",0,9,7,10,7,0,30,2,3,0,0
"ASV_427",0,0,38,0,0,0,0,0,0,0,0
"ASV_514",0,0,0,0,0,0,0,0,13,0,0
"ASV_33",0,0,0,0,43,0,30,11,58,16,50
"ASV_456",0,0,0,0,0,0,0,0,15,0,0
"ASV_845",0,0,0,0,0,0,7,0,0,0,0
"ASV_545",0,0,0,0,2,0,0,2,5,0,3
"ASV_832",0,0,0,0,0,0,3,0,4,0,0
"ASV_237",0,11,0,12,8,0,13,0,0,0,7
"ASV_575",0,0,4,0,0,0,0,0,0,0,14
"ASV_348",0,0,0,29,0,0,0,1,8,0,0
"ASV_478",0,5,0,0,9,0,0,0,0,0,0
"ASV_669",0,0,12,9,0,0,0,0,0,0,0
"ASV_174",0,0,10,0,7,0,1,2,26,0,6
"ASV_441",0,0,0,0,13,0,0,0,0,0,0
"ASV_1158",0,0,0,0,0,0,0,0,0,0,4
"ASV_1065",0,0,0,0,0,0,0,0,3,0,0
"ASV_168",0,0,0,0,11,0,7,6,22,0,0
"ASV_497",0,0,15,0,6,0,0,0,0,0,0
"ASV_672",0,0,0,0,7,0,0,0,0,0,0
"ASV_518",0,0,0,0,0,0,4,0,0,0,16
"ASV_178",0,0,0,0,0,0,38,2,14,0,0
"ASV_297",0,0,0,0,0,0,0,0,27,0,0
"ASV_377",0,0,8,0,5,0,14,0,0,0,0
"ASV_159",0,18,0,37,21,0,0,0,0,0,0
"ASV_83",0,56,0,40,0,0,8,3,29,0,0
"ASV_295",0,0,23,0,6,0,0,0,0,0,15
"ASV_1037",0,0,0,0,0,0,0,0,0,0,6
"ASV_177",0,12,0,0,32,0,0,0,0,0,0
"ASV_112",0,13,0,25,13,0,0,7,26,0,0
"ASV_430",0,0,9,0,6,0,8,0,0,0,0
"ASV_463",0,0,4,0,2,0,0,0,8,0,3
"ASV_1350",0,0,0,0,0,0,0,0,2,0,0
"ASV_1353",0,0,0,0,0,0,0,0,2,0,0
"ASV_265",0,0,9,0,18,0,0,0,0,0,6
"ASV_1272",0,0,0,0,0,0,0,0,0,0,3
"ASV_1092",0,6,0,0,0,0,0,0,0,0,0
"ASV_507",0,14,0,0,5,0,0,0,0,0,0
"ASV_509",0,0,0,0,0,0,0,0,0,0,21
"ASV_695",0,7,0,0,4,0,0,0,0,0,0
"ASV_986",0,0,0,0,3,0,0,0,0,0,0
"ASV_694",0,17,0,0,0,0,0,0,0,0,0
"ASV_180",0,0,6,0,0,0,0,0,0,0,68
"ASV_752",0,0,0,0,6,0,0,0,0,0,0
"ASV_1260",0,0,0,0,2,0,0,0,0,0,0
"ASV_1622",0,0,0,0,0,0,0,0,0,0,1
"ASV_77",0,7,14,11,11,0,38,3,17,0,12
"ASV_734",0,0,0,0,4,0,0,0,2,0,0
"ASV_543",0,0,6,0,7,0,0,0,0,0,0
"ASV_394",0,0,13,0,0,0,3,0,11,0,0
"ASV_673",0,0,0,0,6,0,0,0,0,0,3
"ASV_715",0,0,0,0,3,0,0,0,1,0,4
"ASV_97",0,6,0,5,0,0,0,4,61,0,0
"ASV_1321",0,0,4,0,0,0,0,0,0,0,0
"ASV_100",0,12,8,18,10,0,0,3,21,0,22
"ASV_1143",0,0,0,0,0,0,4,0,0,0,0
"ASV_419",0,0,0,10,6,0,0,0,6,0,0
"ASV_803",0,10,0,0,0,0,0,0,0,0,0
"ASV_655",0,0,20,0,0,0,0,0,0,0,0
"ASV_101",0,0,0,0,7,0,39,4,14,0,16
"ASV_1134",0,0,0,0,2,0,0,0,0,0,0
"ASV_39",0,15,0,7,26,0,33,8,31,14,47
"ASV_955",0,0,0,0,0,0,0,0,4,0,0
"ASV_226",0,24,0,0,15,0,0,0,0,0,8
"ASV_154",0,7,11,6,5,0,5,2,18,0,13
"ASV_1491",0,2,0,0,0,0,0,0,0,0,0
"ASV_1450",0,0,0,0,1,0,0,0,0,0,0
"ASV_164",0,0,16,16,24,0,0,0,5,0,0
"ASV_531",0,0,0,0,0,0,0,0,0,0,8
"ASV_284",0,0,27,0,13,0,0,0,0,0,0
"ASV_550",0,0,26,0,0,0,0,0,0,0,0
"ASV_863",0,0,0,0,0,0,7,0,0,0,0
"ASV_494",0,0,0,0,0,0,0,2,12,0,0
"ASV_1002",0,5,0,3,0,0,0,0,0,0,0
"ASV_409",0,11,13,0,4,0,0,0,0,0,3
"ASV_94",0,0,0,0,0,0,21,13,46,0,0
"ASV_20",0,38,62,60,73,0,69,0,0,19,102
"ASV_86",0,9,0,0,27,0,2,0,18,0,4
"ASV_390",0,0,0,0,0,0,0,2,17,0,0
"ASV_63",0,24,30,8,12,0,33,3,23,0,10
"ASV_373",0,0,0,0,9,0,0,2,6,0,0
"ASV_726",0,12,2,0,0,0,0,0,0,4,0
"ASV_767",0,0,0,0,0,0,0,0,0,0,11
"ASV_67",0,0,9,120,39,0,0,0,0,0,0
"ASV_953",0,0,0,0,0,0,0,0,4,0,0
"ASV_142",0,0,11,41,28,0,0,0,0,0,0
"ASV_193",0,0,38,0,0,0,17,0,4,0,12
"ASV_293",0,17,0,0,8,0,11,0,0,0,0
"ASV_612",0,7,0,17,0,0,0,0,0,0,0
"ASV_1746",0,0,0,0,0,0,0,0,0,2,0
"ASV_1690",1,0,0,0,0,0,0,0,0,0,0
"ASV_1409",2,0,0,0,0,0,0,0,0,0,0
"ASV_1670",0,0,0,0,0,0,0,1,0,0,0
"ASV_1159",4,0,0,0,0,0,0,0,0,0,0
"ASV_527",5,7,0,6,0,0,0,3,0,0,0
"ASV_1091",3,2,0,0,0,0,0,0,0,0,0
"ASV_1747",0,0,0,0,0,0,0,0,0,2,0
"ASV_1485",1,0,0,0,0,0,0,0,0,0,0
"ASV_1745",0,0,0,0,0,0,0,0,0,2,0
"ASV_1592",0,0,0,0,0,1,0,0,0,0,0
"ASV_1553",0,2,0,0,0,0,0,0,0,0,0
"ASV_1693",1,0,0,0,0,0,0,0,0,0,0
"ASV_1753",0,0,0,0,0,0,0,0,0,0,1
"ASV_59",0,3,0,2,4,0,8,11,80,0,5
"ASV_1111",0,0,0,0,0,0,0,0,3,0,0
"ASV_1664",0,0,0,0,0,0,1,0,0,0,0
"ASV_1471",0,0,0,0,0,0,0,0,1,0,0
"ASV_269",0,0,1,28,0,0,0,0,3,12,19
"ASV_1133",0,0,0,0,2,0,0,0,0,0,0
"ASV_420",0,10,0,0,0,0,0,0,0,3,19
"ASV_930",0,0,0,0,0,0,0,0,4,0,0
"ASV_1313",0,0,0,0,0,0,0,0,0,0,3
"ASV_1261",0,0,0,0,0,0,3,0,0,0,0
"ASV_813",0,0,13,0,0,0,0,0,0,0,0
"ASV_258",0,6,0,0,0,0,0,4,19,6,8
"ASV_325",0,0,15,13,4,0,0,0,0,0,6
"ASV_165",0,0,5,0,0,0,0,11,34,0,0
"ASV_76",0,49,4,19,5,0,55,2,5,0,0
"ASV_95",0,19,0,15,29,0,10,2,3,0,12
"ASV_516",0,0,0,0,2,0,0,1,9,0,0
"ASV_981",0,0,0,10,0,0,0,0,0,0,0
"ASV_121",0,0,28,11,11,0,20,2,4,0,8
"ASV_364",0,0,0,0,16,0,0,0,0,0,0
"ASV_56",0,10,0,0,8,0,45,8,28,8,29
"ASV_345",0,0,0,0,0,0,0,5,16,0,0
"ASV_434",0,0,0,0,0,0,0,0,16,0,0
"ASV_766",0,0,0,0,0,0,0,3,4,0,0
"ASV_1178",0,0,0,0,0,0,3,0,0,0,0
"ASV_572",0,10,4,0,3,0,0,0,0,0,0
"ASV_162",0,0,0,10,24,0,0,0,0,0,21
"ASV_1032",0,0,0,0,3,0,0,0,0,0,0
"ASV_683",0,0,0,0,3,0,0,0,4,0,0
"ASV_124",0,0,0,0,0,0,3,11,44,0,0
"ASV_263",0,0,0,0,17,0,0,3,6,0,0
"ASV_60",0,15,21,53,34,0,0,0,0,0,41
"ASV_577",0,0,0,0,9,0,0,0,0,0,0
"ASV_318",0,0,0,0,16,0,0,0,3,0,0
"ASV_997",0,0,0,0,0,0,0,0,0,0,6
"ASV_1493",0,0,2,0,0,0,0,0,0,0,0
"ASV_988",0,0,0,0,3,0,0,0,0,0,0
"ASV_1025",0,7,0,0,0,0,0,0,0,0,0
"ASV_183",0,9,17,0,14,0,0,0,15,0,0
"ASV_499",0,0,0,0,11,0,0,0,0,0,0
"ASV_156",0,9,0,0,9,0,0,5,23,0,0
"ASV_407",0,0,0,9,8,0,4,0,0,0,3
"ASV_467",0,0,0,0,0,0,0,0,15,0,0
"ASV_837",0,0,5,9,0,0,0,0,0,0,0
"ASV_1257",0,0,0,0,2,0,0,0,0,0,0
"ASV_1079",0,0,0,0,1,0,0,0,0,0,0
"ASV_946",0,0,0,0,1,0,2,0,0,0,3
"ASV_411",0,0,0,0,2,0,0,2,10,0,6
"ASV_659",0,0,0,0,0,0,0,0,0,0,14
"ASV_1001",0,8,0,0,0,0,0,0,0,0,0
"ASV_922",0,0,3,0,3,0,0,0,0,0,0
"ASV_548",0,13,0,0,0,0,2,0,0,0,0
"ASV_558",0,0,0,9,0,0,10,0,0,0,0
"ASV_1355",0,0,0,0,0,0,0,0,0,2,2
"ASV_1094",0,0,7,0,0,0,0,0,0,0,0
"ASV_1336",0,0,0,0,0,0,2,0,0,0,0
"ASV_266",0,0,3,0,10,0,20,0,0,0,0
"ASV_1513",0,0,0,3,0,0,0,0,0,0,0
"ASV_200",0,9,0,7,9,0,8,2,5,0,12
"ASV_254",0,0,0,16,2,0,6,1,3,8,21
"ASV_371",0,11,0,0,8,0,6,0,0,0,0
"ASV_1691",1,0,0,0,0,0,0,0,0,0,0
"ASV_1700",0,1,0,0,0,0,0,0,0,0,0
"ASV_433",0,0,0,0,0,0,14,1,4,0,0
"ASV_256",0,0,0,0,0,0,4,2,15,0,18
"ASV_175",0,30,0,19,6,0,14,0,0,0,11
"ASV_428",0,0,18,0,0,0,0,0,0,0,0
"ASV_519",0,0,0,0,0,0,0,3,10,0,0
"ASV_919",0,2,0,0,0,0,0,0,4,0,0
"ASV_1098",0,0,0,8,0,0,0,0,0,0,0
"ASV_363",0,0,0,0,16,0,0,0,0,0,0
"ASV_303",0,0,30,0,10,0,0,0,0,0,0
"ASV_376",0,0,45,0,0,0,0,0,0,0,0
"ASV_640",0,4,0,13,2,0,0,0,0,0,0
"ASV_983",0,0,0,3,2,0,0,0,0,0,0
"ASV_194",0,0,4,0,3,0,0,3,20,0,17
"ASV_967",0,0,0,0,3,0,0,0,0,0,0
"ASV_1225",0,0,5,0,0,0,0,0,0,0,0
"ASV_382",0,3,26,0,0,0,3,1,2,0,0
"ASV_957",0,1,0,0,1,0,0,0,2,0,0
"ASV_268",0,3,15,26,5,0,0,0,2,0,3
"ASV_385",0,0,0,0,0,0,13,0,7,0,4
"ASV_481",0,3,0,6,0,0,10,0,2,0,2
"ASV_1497",0,0,2,0,0,0,0,0,0,0,0
"ASV_422",0,14,0,7,0,0,4,0,0,0,7
"ASV_236",0,17,19,0,0,0,23,0,0,0,0
"ASV_703",0,0,0,0,0,0,0,0,8,0,0
"ASV_929",0,0,0,0,0,0,0,4,0,0,0
"ASV_172",0,7,0,0,35,0,0,0,0,0,0
"ASV_962",0,0,0,11,0,0,0,0,0,0,0
"ASV_1324",0,0,0,4,0,0,0,0,0,0,0
"ASV_32",0,6,19,33,36,0,57,16,57,0,11
"ASV_410",0,0,0,0,14,0,0,0,0,0,0
"ASV_787",0,13,0,0,0,0,0,0,0,0,0
"ASV_232",0,16,13,6,2,0,3,1,10,0,5
"ASV_811",0,2,0,0,1,0,0,1,2,0,0
"ASV_971",0,0,0,0,0,0,0,0,0,4,5
"ASV_877",0,0,0,0,4,0,0,0,0,0,0
"ASV_34",0,12,0,0,31,0,18,14,111,0,0
"ASV_214",0,0,0,73,5,0,0,0,0,0,4
"ASV_25",0,0,65,0,9,0,47,17,143,0,0
"ASV_650",0,19,0,0,0,0,0,0,0,0,0
"ASV_65",0,32,42,0,7,0,15,7,31,0,14
"ASV_386",0,0,0,15,0,0,0,0,0,0,0
"ASV_1163",0,4,0,0,0,0,0,0,0,0,0
"ASV_1386",0,0,0,0,1,0,0,0,0,0,0
"ASV_1307",0,0,0,0,0,0,0,0,2,0,0
"ASV_212",0,24,6,2,0,0,20,0,3,0,8
"ASV_1300",0,0,0,0,1,0,0,0,0,0,0
"ASV_790",0,0,8,0,0,0,0,0,0,0,4
"ASV_278",0,9,0,0,19,0,0,0,0,0,0
"ASV_483",0,0,8,0,0,0,0,0,11,0,0
"ASV_653",0,0,0,0,0,0,0,0,0,0,14
"ASV_551",0,0,8,0,4,0,4,0,0,0,0
"ASV_210",0,0,0,26,4,0,24,5,0,0,0
"ASV_989",0,0,0,0,3,0,0,0,0,0,0
"ASV_275",0,14,23,0,0,0,0,0,0,0,0
"ASV_852",0,0,8,0,0,0,0,0,0,0,3
"ASV_341",0,0,13,0,12,0,0,0,0,5,0
"ASV_608",0,0,0,0,0,0,0,0,0,0,16
"ASV_964",0,0,0,0,0,0,0,0,0,0,5
"ASV_1494",0,0,2,0,0,0,0,0,0,0,0
"ASV_539",0,0,7,0,4,0,0,0,3,0,2
"ASV_1175",0,0,0,0,0,0,0,0,1,0,2
"ASV_1528",0,0,0,0,1,0,0,0,0,0,0
"ASV_528",0,7,0,0,0,0,0,1,8,0,0
"ASV_744",0,0,2,3,0,0,0,1,4,0,0
"ASV_1682",0,0,0,0,0,0,0,0,0,0,1
"ASV_1333",0,0,0,0,1,0,0,0,0,0,0
"ASV_472",0,8,0,0,5,0,5,0,0,0,2
"ASV_615",0,0,0,26,0,0,0,0,0,0,0
"ASV_794",0,0,0,0,0,0,0,0,0,0,8
"ASV_424",0,0,0,0,0,0,0,3,13,0,0
"ASV_644",0,0,3,21,0,0,0,0,0,0,0
"ASV_396",0,0,2,0,11,0,0,0,0,0,3
"ASV_1376",0,0,3,0,0,0,0,0,0,0,0
"ASV_492",0,0,0,0,0,0,0,1,7,0,9
"ASV_1512",0,0,0,3,0,0,0,0,0,0,0
"ASV_631",0,7,2,0,1,0,1,0,3,0,0
"ASV_338",0,4,0,10,3,0,8,0,0,2,9
"ASV_705",0,0,15,0,0,0,0,1,0,0,0
"ASV_240",32,8,0,3,2,3,0,0,1,0,0
"ASV_1668",0,0,0,0,0,0,0,1,0,0,0
"ASV_992",0,0,0,0,0,0,0,4,0,0,0
"ASV_604",0,0,12,0,0,0,7,0,0,0,0
"ASV_349",0,9,0,4,4,0,10,0,2,0,0
"ASV_574",0,0,9,0,5,0,0,0,0,0,2
"ASV_638",0,8,0,0,0,0,7,0,0,0,0
"ASV_279",0,8,0,0,0,0,4,2,19,0,0
"ASV_457",0,8,0,0,5,0,6,0,0,0,0
"ASV_720",0,0,9,0,0,0,3,0,0,0,0
"ASV_1249",0,0,4,0,0,0,0,0,0,0,0
"ASV_1588",0,0,0,0,1,0,0,0,0,0,0
"ASV_1171",0,0,0,7,0,0,0,0,0,0,0
"ASV_1393",0,0,0,0,0,0,2,0,0,0,0
"ASV_1244",0,4,0,0,0,0,0,0,0,0,0
"ASV_1377",0,0,3,0,0,0,0,0,0,0,0
"ASV_1750",0,0,0,0,0,0,0,0,0,0,1
"ASV_1596",0,0,0,0,0,0,1,0,0,0,0
"ASV_818",0,0,0,4,0,0,6,0,0,0,0
"ASV_1499",0,0,2,0,0,0,0,0,0,0,0
"ASV_1402",0,0,0,0,0,0,0,0,0,0,2
"ASV_1162",0,4,0,0,0,0,0,0,1,0,0
"ASV_1530",0,0,0,0,1,0,0,0,0,0,0
"ASV_853",0,0,4,0,0,0,2,0,2,0,0
"ASV_1118",0,6,0,0,0,0,0,0,0,0,0
"ASV_710",0,7,0,0,0,0,6,0,0,0,0
"ASV_895",0,5,5,0,0,0,0,0,0,0,0
"ASV_1270",0,0,0,0,0,0,0,0,2,0,0
"ASV_1531",0,0,0,0,1,0,0,0,0,0,0
"ASV_899",0,0,0,7,0,0,0,2,0,0,0
"ASV_662",0,11,0,3,0,0,0,0,0,0,2
"ASV_1071",0,5,0,0,1,0,0,0,0,0,0
"ASV_276",0,7,4,7,0,0,3,1,7,0,11
"ASV_1614",0,0,0,0,0,0,0,0,0,0,1
"ASV_505",0,0,3,0,1,0,2,0,5,0,8
"ASV_982",0,0,0,10,0,0,0,0,0,0,0
"ASV_1074",0,2,0,0,0,0,0,0,0,0,3
"ASV_595",0,0,2,3,0,0,4,2,3,0,0
"ASV_688",0,5,0,0,4,0,0,0,0,0,1
"ASV_534",0,0,0,16,0,0,6,0,1,0,0
"ASV_778",0,0,2,0,1,0,3,0,2,0,0
"ASV_856",0,0,1,0,2,0,0,1,0,0,2
"ASV_1640",0,0,0,2,0,0,0,0,0,0,0
"ASV_1704",0,0,0,1,0,0,0,0,0,0,0
"ASV_565",0,0,11,0,5,0,0,0,0,0,0
"ASV_45",0,0,30,0,40,0,0,8,57,0,9
"ASV_399",0,0,0,0,0,0,0,4,14,0,0
"ASV_27",0,69,78,80,47,0,7,0,19,15,31
"ASV_1369",0,3,0,0,0,0,0,0,0,0,0
"ASV_869",0,3,0,2,0,0,0,0,3,0,0
"ASV_1672",0,0,0,0,0,0,0,1,0,0,0
"ASV_146",0,12,25,4,10,0,0,3,17,0,0
"ASV_324",0,2,0,0,1,0,0,1,13,0,10
"ASV_1214",0,0,0,0,0,0,0,0,2,0,0
"ASV_711",0,4,7,2,0,0,0,0,2,0,0
"ASV_812",0,2,4,0,0,0,0,0,3,0,0
"ASV_1349",0,0,0,0,0,0,0,0,2,0,0
"ASV_1467",0,0,0,0,0,0,0,0,1,0,0
"ASV_535",0,0,0,6,5,0,0,0,0,0,7
"ASV_687",0,17,0,0,0,0,0,0,0,0,0
"ASV_1151",0,0,0,0,0,0,0,0,0,0,4
"ASV_1255",0,0,0,0,2,0,0,0,0,0,0
"ASV_934",0,3,0,0,0,0,0,0,3,0,0
"ASV_280",0,6,11,0,5,0,4,1,4,0,7
"ASV_1487",0,2,0,0,0,0,0,0,0,0,0
"ASV_797",0,0,0,0,5,0,0,0,0,0,0
"ASV_1034",0,0,0,0,0,0,1,0,3,0,0
"ASV_1009",0,0,0,0,3,0,0,0,0,0,0
"ASV_1185",0,0,0,0,0,0,0,0,0,0,4
"ASV_888",0,0,0,5,3,0,0,0,0,0,0
"ASV_1373",0,0,3,0,0,0,0,0,0,0,0
"ASV_1604",0,0,0,0,0,0,0,0,1,0,0
"ASV_1086",0,0,0,0,0,0,2,0,0,0,3
"ASV_267",0,0,0,0,6,0,4,0,9,0,12
"ASV_629",0,8,0,0,0,0,5,0,0,0,3
"ASV_1602",0,0,0,0,0,0,0,0,1,0,0
"ASV_1665",0,0,0,0,0,0,1,0,0,0,0
"ASV_1330",0,0,0,0,1,0,0,0,0,0,0
"ASV_913",0,0,0,0,0,0,0,0,0,0,8
"ASV_1108",0,0,0,0,0,0,4,0,0,0,0
"ASV_85",0,13,0,10,45,0,0,0,0,0,3
"ASV_1498",0,0,2,0,0,0,0,0,0,0,0
"ASV_616",0,0,0,0,8,0,0,0,0,0,0
"ASV_203",0,0,0,0,0,0,51,0,0,0,0
"ASV_858",0,0,0,0,4,0,0,0,0,0,0
"ASV_17",0,69,115,93,137,0,16,26,153,14,74
"ASV_248",0,0,40,0,7,0,0,0,0,0,0
"ASV_118",0,0,17,0,9,0,0,0,44,0,0
"ASV_475",0,0,0,0,4,0,0,1,5,0,5
"ASV_926",0,0,0,0,4,0,0,0,0,0,0
"ASV_779",0,0,0,10,0,0,0,0,0,0,4
"ASV_532",0,0,11,0,6,0,0,0,0,0,0
"ASV_199",0,17,10,10,7,0,16,1,2,0,0
"ASV_1340",0,0,0,0,0,0,2,0,0,0,0
"ASV_555",0,9,0,5,0,0,0,0,2,0,5
"ASV_1384",0,0,0,0,1,0,0,0,0,0,0
"ASV_1536",0,0,0,0,0,0,1,0,0,0,0
"ASV_1359",0,0,0,0,0,0,0,0,0,0,3
"ASV_1291",0,0,0,5,0,0,0,0,0,0,0
"ASV_728",0,5,3,0,2,0,0,0,0,0,0
"ASV_1533",0,0,0,0,0,0,1,0,0,0,0
"ASV_1170",0,0,6,0,0,0,0,0,0,0,0
"ASV_1559",0,2,0,0,0,0,0,0,0,0,0
"ASV_242",0,70,0,0,0,0,0,0,0,0,0
"ASV_1516",0,0,0,3,0,0,0,0,0,0,0
"ASV_1013",0,0,0,0,1,0,0,0,0,0,4
"ASV_208",0,0,3,0,4,0,0,2,20,4,5
"ASV_769",0,12,0,3,0,0,0,0,0,0,0
"ASV_1337",0,0,0,0,0,0,2,0,0,0,0
"ASV_912",0,0,0,0,0,0,0,0,2,0,4
"ASV_300",0,8,0,10,2,0,2,0,3,0,0
"ASV_1241",0,0,0,0,0,0,0,0,0,0,3
"ASV_739",0,4,0,0,0,0,0,1,4,0,0
"ASV_335",0,4,0,7,6,0,0,0,4,2,11
"ASV_702",0,0,0,0,0,0,0,2,5,0,0
"ASV_476",0,0,0,0,0,0,19,0,0,0,0
"ASV_1514",0,0,0,3,0,0,0,0,0,0,0
"ASV_1631",1,0,0,0,0,0,0,0,0,0,0
"ASV_847",0,0,0,0,0,0,0,1,4,0,0
"ASV_1590",0,0,0,0,1,0,0,0,0,0,0
"ASV_1195",0,0,4,0,0,0,0,0,0,0,1
"ASV_1667",0,0,0,0,0,0,0,1,0,0,0
"ASV_1277",2,0,1,0,0,0,0,0,0,0,0
"ASV_1455",0,0,0,0,0,1,0,0,0,0,0
"ASV_130",0,0,0,2,5,0,45,1,15,0,0
"ASV_1557",0,2,0,0,0,0,0,0,0,0,0
"ASV_78",0,0,0,0,0,54,0,21,0,0,0
"ASV_14",161,62,18,71,32,264,79,79,25,114,5
"ASV_41",0,0,0,0,0,88,10,26,0,0,0
"ASV_51",18,48,2,84,5,35,9,0,0,10,0
"ASV_1546",0,0,0,0,0,0,0,0,0,0,2
"ASV_259",22,0,0,0,7,3,6,0,0,0,0
"ASV_860",0,0,0,0,4,0,0,0,0,0,0
"ASV_1681",0,0,0,0,0,0,0,0,0,0,1
"ASV_777",0,0,4,0,1,0,1,1,0,0,3
"ASV_1724",0,0,0,0,0,0,1,0,0,0,0
"ASV_1339",0,0,0,0,0,0,2,0,0,0,0
"ASV_44",0,0,0,0,110,0,0,0,0,0,0
"ASV_131",0,21,0,0,12,0,0,9,7,27,6
"ASV_438",5,0,0,0,0,5,9,0,0,0,0
"ASV_19",8,32,4,13,96,65,27,55,23,421,13
"ASV_7",18,310,111,100,315,2,84,230,50,123,400
"ASV_13",0,76,18,92,91,18,102,358,21,132,120
"ASV_3",45,369,126,409,653,105,469,1938,109,811,650
"ASV_5",42,200,93,303,415,23,100,372,35,259,224
"ASV_506",0,0,0,0,0,0,0,12,0,0,0
"ASV_4",3288,423,325,143,193,196,296,96,115,1516,275
"ASV_10",1004,383,31,64,33,0,25,0,0,244,41
"ASV_8",0,87,149,236,130,26,603,61,60,550,119
"ASV_6",10,306,171,674,192,13,380,145,84,205,161
"ASV_102",0,0,9,5,8,0,8,9,30,3,5
"ASV_120",0,0,16,0,28,0,10,0,0,0,19
"ASV_1147",0,0,0,0,0,0,0,0,3,0,0
"ASV_139",0,0,25,17,13,0,0,0,0,0,16
"ASV_105",0,0,0,0,5,0,0,20,38,0,0
